X Position,Y Position,Z Position,Body Angle x,Body Angle y,Body Angle z,Hip 1 Angle,Knee 1 Angle,Hip 2 Angle,Knee 2 Angle,Hip 3 Angle,Knee 3 Angle,Hip 4 Angle,Knee 4 Angle,m.tt
0.0,0.0,0.21176442353823743,-0.007784865049860724,0.02825734881550676,0.17467115559749688,0.4815685765128056,0.9496790603434282,0.4637126879749198,0.9450765881769523,0.44994653934600515,-0.3585237915598356,0.3237194884100835,-0.43424314674739994,0.003333334213411315
0.005938976414524499,0.000858396848167404,0.20423566651773772,-0.007101105455480418,0.01640164991440542,0.17471334116131745,0.3462736094746978,1.0470963564432048,0.3291563318579696,1.0414114991228054,0.5040177330726401,-0.4890140652871454,0.37297960400749897,-0.5684268059894854,0.004898980779010742
0.009492828536475702,0.0013674769127792192,0.20067590200010774,-0.006603727143841094,0.010726256628377713,0.17474227285625094,0.2837659331298664,1.084400276871094,0.26676482726495776,1.078603784414071,0.519026858661916,-0.5496098274469696,0.3848619407796389,-0.629856816009902,0.0035505111946347867
0.010924074701007917,0.0015690157509701712,0.1994560552563977,-0.006378026052864386,0.008849414541359667,0.17475862536317552,0.26182840702873467,1.096468012850036,0.2447404088590488,1.0907362916728092,0.522017485371294,-0.5707810546969104,0.3866427830721154,-0.6511473625965811,0.0015505106798938684
0.015083111462762101,0.0020939846238440234,0.19638343745743375,-0.005362057892221447,0.0016642903532469314,0.17482749512754758,0.20291973608632421,1.1179635326286201,0.18546719637414733,1.113058895917157,0.525277435004734,-0.6310829466678369,0.3867332079245741,-0.7120626137892208,0.004898980821053556
0.01778582512708952,0.0023728491408154936,0.19485671828182616,-0.004323183842069122,-0.004745646423748446,0.1748920735313106,0.16837631262197236,1.119960896497922,0.15036576229392337,1.1162930132134,0.5224092619993953,-0.6696898497504571,0.382242806596059,-0.7514164784224425,0.0035505112251037474
0.018899827690051444,0.0024745563234030957,0.19433016371689382,-0.0038203273043834157,-0.007832754879242024,0.17492535224633135,0.15461945006850414,1.1186237389737128,0.1363561688868966,1.1154086211847352,0.5206320790537421,-0.6861613268667718,0.3798298832249165,-0.7682724303214631,0.0015505106796158685
0.022260986002690542,0.002772447601725667,0.19290586878797095,-0.002254291335766865,-0.018429761699277212,0.1750491127437383,0.11479066628184477,1.107385942749446,0.09543777341982246,1.1062145216733972,0.5118746171020996,-0.7354990401149633,0.36904299365545074,-0.8188652824126386,0.004898980820176035
0.024547404159674345,0.002966643314535869,0.1920980136381505,-0.001119137149355644,-0.026948486641957564,0.1751343666157636,0.08870336545713778,1.0937880696104259,0.06851380560082496,1.094230823469734,0.503886232582079,-0.7705633734104042,0.35960112420799456,-0.8547600647753052,0.0035505112244678116
0.02551250391868558,0.003046635796252711,0.19179564980198174,-0.0006237931409846592,-0.03086016346753167,0.17516910718785667,0.07759560018515435,1.0874635242756885,0.05709880394294862,1.088376881904474,0.5005425906201644,-0.7863385722850553,0.3556049620343099,-0.8709009379794008,0.0015505106798796575
0.028492613671343123,0.0032862419016148805,0.19098134283699944,0.0009371970480947605,-0.043484950679491395,0.17529675714302195,0.04523541501903815,1.0625885323421964,0.023489582938168906,1.0657353622970618,0.4869865426207315,-0.8330596127428256,0.3401235167385425,-0.9188007593079457,0.004898980821010035
0.030587518708436377,0.0034486555352952132,0.19051924912518634,0.0020894373804988624,-0.05294989767919364,0.1753841503854841,0.023326295072186937,1.0420259482539136,0.0006371525445044325,1.046867573457213,0.47583077794978873,-0.8664305196410457,0.3275984832233654,-0.9529109241082163,0.003550511225071773
0.031486460113151205,0.003517707380671413,0.19034710763748675,0.0025909762014555723,-0.05715903421382797,0.1754194038341561,0.013760434222640438,1.033366888854407,-0.00931187076655115,1.0387460469549414,0.4711746197323335,-0.8815221268306821,0.3222996689169016,-0.9683101057782916,0.0015505106799196255
0.034279175144382425,0.003735349834028736,0.1899128746335135,0.004115642032927201,-0.07036757171364791,0.1755457095004472,-0.013740957917314786,1.002104618454799,-0.038195960441748174,1.009742049932449,0.4537790326110561,-0.9255920447235682,0.3030265316118657,-1.0131977632567724,0.004898980821132604
0.03625997950476402,0.0038941340723860304,0.18969521629279706,0.005188977002538622,-0.07993617564179868,0.1756295040665246,-0.03236146714990314,0.9782041311636924,-0.05784487001354324,0.9875069988296683,0.4400821694829009,-0.9567582626708752,0.28797690723671676,-1.0447595097503077,0.0035505112251632553
0.03711425984153582,0.003964832770230889,0.1896224604565638,0.005640346941100633,-0.08411769438482887,0.17566243450547903,-0.04060397411636686,0.9684914424949735,-0.06652084993199667,0.9783292882970056,0.4343555997816434,-0.9708294608046393,0.28160460982828395,-1.0589781553207702,0.0015505106799373891
0.039774835589162255,0.0042000673676403175,0.1894848099327491,0.0069422099175899974,-0.096957407601582,0.17577671163960923,-0.06393206609067603,0.9346872642068897,-0.09124222555350868,0.946524542052358,0.41397254727563515,-1.0112046208797825,0.25935135746990695,-1.0994830430886295,0.004898980821193888
0.041669572664743686,0.004383503725134057,0.18946532878838723,0.007792742236523883,-0.10600535790373326,0.17584818125495053,-0.07969152604331567,0.909867693694632,-0.10797409136998701,0.9230883266212333,0.3983885787501908,-1.0393410803313217,0.24241811204861238,-1.127435610037844,0.0035505112252049997
0.04248875764880439,0.004468028223859243,0.1894754830958041,0.008129695958344224,-0.10989980138274573,0.175875577489339,-0.08676911883338845,0.9000276849069767,-0.1154587322750615,0.913664329102812,0.39187536807193046,-1.0519892482068922,0.23526121707357914,-1.1399747125544981,0.0015505106799409418
0.045042683890152264,0.004758753200908007,0.18959107594224353,0.009006036672945045,-0.12158557728923307,0.1759659445260559,-0.10649893938786285,0.8665609877042123,-0.13634938977818475,0.88159795198554,0.3694304568259726,-1.0873873185981302,0.2109719819074137,-1.1745038168170456,0.0048989808212018815
0.04686505871634693,0.004993635794035526,0.18974760405051758,0.009487595440256421,-0.1295727195804015,0.17601604152679223,-0.11983184723994639,0.8427307370122172,-0.15039115891199398,0.8585994664717241,0.35264968058296237,-1.1114939379586115,0.19287296966259906,-1.1976284266557757,0.003550511225212105
0.0476540442491413,0.005103556187634352,0.1898335727148597,0.009646588391715023,-0.13294646126458476,0.1760348940864187,-0.12592724906692043,0.833531616923182,-0.15676150233674807,0.8495641347084624,0.3456526961193311,-1.1222350834250439,0.18525452502802553,-1.2079162084972361,0.0015505106799311719
0.05011576818641565,0.0054868097667561564,0.19018703075320142,0.009896174980392611,-0.14272421569911534,0.1760899453071752,-0.1427482363014124,0.802925286309559,-0.17416452068167035,0.8193544907136429,0.3221221701711294,-1.1510477558867542,0.15995561947185807,-1.2345639943262825,0.004898980821170795
0.05187500743079279,0.005800359158896197,0.19051573025940652,0.009862416056830173,-0.14908375656128725,0.17610991367198137,-0.15420422264443287,0.7818965445692451,-0.1857873354732232,0.7982966885166348,0.3048762861612398,-1.1698246188257189,0.141455533435169,-1.2513407697304686,0.0035505112251890125
0.0526377213430957,0.005947893364116954,0.19067819064630345,0.009777864409582686,-0.15167556147674932,0.1761168747468096,-0.15955931009133253,0.7741191669436072,-0.19115237748808317,0.7902851210707847,0.29772048947638446,-1.1780281656064553,0.13370192385686724,-1.258611625531853,0.0015505106799054147
0.055022525314153664,0.006465460403593106,0.19128163328844464,0.009181378393460986,-0.15862071428559416,0.17612083165857317,-0.17440266802134505,0.7491507041527552,-0.20551787331639554,0.7641920462123175,0.2740919434738321,-1.1979196234149188,0.10844269119755406,-1.2748018164340276,0.004898980821089083
0.05673254884157096,0.006891042866494966,0.19180140456607997,0.008450486693114996,-0.16258308205953373,0.17609107643265642,-0.18478173220035404,0.7331706199815824,-0.21511374592111046,0.7468807663081941,0.2571009255213953,-1.2093765474742935,0.09020820287513995,-1.2828641517809258,0.0035505112251303927
0.057472501694844406,0.0070890891621464,0.19204687897468958,0.008046569884261112,-0.16406128018347568,0.1760783468119136,-0.18973380685026717,0.7278295086644454,-0.2196366260821644,0.7406928555130851,0.2501718513423143,-1.2142593197054652,0.08265068951348771,-1.285868650868664,0.0015505106799444945
0.05975459549510373,0.007748247326435212,0.19287234376449874,0.006540891111035056,-0.16747194261134263,0.17601960690892762,-0.2034305517285173,0.7109332314938743,-0.2315145473306956,0.7209003715319174,0.22768757900475886,-1.2232926420748356,0.059111547315973484,-1.2896597645399317,0.004898980821214316
0.06136009360106675,0.008257811097975316,0.19351248575608823,0.0052228735701500195,-0.16885690097047207,0.17595536015197125,-0.2129911679607672,0.7010059779864471,-0.23946076049862774,0.7086270374410484,0.212289487976383,-1.2272643057349388,0.04356267698995617,-1.2909846400498106,0.0035505112252200988
0.06203804822280621,0.008484553659497584,0.19379889400553665,0.00460527333636265,-0.16916813830289854,0.17592426471356232,-0.21753177906453985,0.6984075880050864,-0.2432375387289189,0.7049086234492551,0.20599063734892498,-1.2282854050527874,0.03801879534816008,-1.2924949281081208,0.001550510679871664
0.06396893044795635,0.00917849510977772,0.19468816225443342,0.0025931990585177428,-0.16848394976786404,0.1758306957743147,-0.22921431609150228,0.6921143828103838,-0.2523477226032277,0.694900696111427,0.18797815446932234,-1.225955771565432,0.03128025757585714,-1.3046111984769009,0.004898980820979837
0.06517586186421537,0.009661347743205168,0.19532409419420152,0.001037000073125884,-0.16647943237918805,0.17575458109803463,-0.2367835058202136,0.6917983390305763,-0.2578334111713496,0.6916249035200975,0.17720263005916426,-1.2201966933468258,0.03641854788770274,-1.320157295666339,0.0035505112250495685
0.06566396266093305,0.009868168321908923,0.19560160182490005,0.00034369451850282734,-0.16529759652374565,0.1757216781713024,-0.24041600615666509,0.6934769507756562,-0.2604947645297897,0.6919637988205944,0.17323734650756664,-1.2171231959298972,0.040635668337129074,-1.3280821318532963,0.001550510680588424
0.06713476702880357,0.010508812932139571,0.19647915027052087,-0.0018288232514427772,-0.1608078819290959,0.17564484003353034,-0.24967726823411623,0.6976317549362128,-0.2668976021102028,0.6921440976748816,0.1607084963138976,-1.2037894498892765,0.056380744326158846,-1.351379701199762,0.004898980823247356
0.06813998002775427,0.01096242038447768,0.19711970574004167,-0.003409158830875948,-0.15691034021807296,0.17561255291528025,-0.2559975918260478,0.70213344468029,-0.27117489930753996,0.6937560164096531,0.15225749489599197,-1.1923036676462164,0.06994062937039952,-1.3666559133902407,0.003550511226694475
0.0685634402234304,0.011158229207459198,0.1973986382407605,-0.0041049990615769985,-0.15510728127419512,0.1756003004348892,-0.2591840133817876,0.7053234446281208,-0.27342782607514304,0.695650130540189,0.1491103739210677,-1.1876131713885234,0.07646150169566092,-1.3728116582417615,0.0015505106808646474
0.06982303392707935,0.011765481216868365,0.19825327455262798,-0.006316130447418409,-0.14928330102895562,0.17558082579470868,-0.2670151447845744,0.7130892483618211,-0.2785214850054381,0.6994765630414785,0.1387205526013546,-1.1698497705567084,0.10023261193572412,-1.388614150706463,0.004898980824120436
0.07066700273570986,0.012195743939630433,0.19884876728676065,-0.007980605630599593,-0.14501643414192686,0.1755554142155491,-0.27224039031162045,0.7189647062136834,-0.28178413654214096,0.7025096500836829,0.13166975546559606,-1.1568367122530203,0.12039424045909417,-1.3965935438975625,0.003550511227327746
0.0710230374004454,0.012379481151124791,0.19910113170177837,-0.00870202710773068,-0.1432006739665688,0.17554710314473881,-0.2749559520002269,0.7224071436982034,-0.28361555002103384,0.7046766337171642,0.12905522214460405,-1.1520429935437746,0.1296668901425831,-1.3995624229393187,0.0015505106809108327
0.07213020986169089,0.012919919315405322,0.1998550118141403,-0.010736478457105156,-0.13788076986284584,0.17556984724683047,-0.2815091359891102,0.7293806524369661,-0.28784333691316344,0.708234653308267,0.11978009676296321,-1.1353238356738362,0.15842364219818839,-1.4099272242967942,0.004898980824265209
0.0729213609509441,0.01327538557685219,0.20036113072894748,-0.012005969141989904,-0.13448567822230675,0.17561684879171782,-0.2860629578467108,0.7332401410668399,-0.290919110443532,0.7098893244114542,0.1129251192356689,-1.1244423737849252,0.17865864131599718,-1.418506191413449,0.003550511227432551
0.07326118396633984,0.01342236398726962,0.20057136901573627,-0.012520658070504894,-0.13314158501185192,0.17564091726752176,-0.28854114298739525,0.7355309721777725,-0.2927368539738597,0.7112625525869551,0.11028621328502507,-1.120883575328548,0.18758494746184584,-1.4223089039840213,0.0015505106810245195
0.07426497543649505,0.01385802034588796,0.20119129606833716,-0.014038927746329415,-0.12930050861484516,0.17571718848795473,-0.29408899354921586,0.7392418794245416,-0.29659982584141675,0.7124754852809398,0.10152639162986146,-1.1079809162448329,0.218845339530031,-1.4316512918736806,0.004898980824625809
0.07493100661691654,0.014148024396895097,0.2015985690680837,-0.01506108123549269,-0.12697065183404233,0.17575669362198523,-0.2977107315924019,0.7410717332170255,-0.2991187567567815,0.7126300210375858,0.09558463183156256,-1.099969624974301,0.24435919736103315,-1.4359016742727388,0.0035505112276927875
0.07520939245016159,0.01426862892626255,0.2017675203927466,-0.015484334521815786,-0.12608977526550602,0.17577012564771194,-0.2997536412704143,0.7424529984843355,-0.30062247342267046,0.7132845717754265,0.09338717919893058,-1.0976123765779129,0.256092794994693,-1.436913233613409,0.0015505106811124492
0.076051466880809,0.014625493538517727,0.2022823247431153,-0.01667988737122229,-0.12371688786753862,0.17582390027677708,-0.3040184248581953,0.7431519065987431,-0.30360712974304943,0.7120839708701093,0.08573303575782365,-1.0885318506524027,0.29438721963946335,-1.4345656953925596,0.004898980824902921
0.07662990419356228,0.014863129910886152,0.20263749994485927,-0.017403137106357967,-0.12244956932863714,0.1758617358807251,-0.3067727925448218,0.7425151084090257,-0.30550875834984553,0.710163478379655,0.0802564325950035,-1.0831684487871787,0.32328939066295215,-1.4277178814639528,0.003550511227894404
0.07687541193704293,0.014965403496419512,0.2027956932789239,-0.017722512010200586,-0.12198945103625514,0.17586998539435428,-0.30841909223105907,0.7426971122821281,-0.3067024681688071,0.7099091814512188,0.07815675921664375,-1.081762815222395,0.3361702911350733,-1.4221374292160744,0.0015505106814481806
0.07761002057372783,0.015318431585543534,0.2033714915006892,-0.01897552702397286,-0.12037256037538542,0.17592285232734897,-0.3112962257686652,0.7411310274178272,-0.3081059253549768,0.7061455260629275,0.07064760485917909,-1.073561400648997,0.37789694089371195,-1.382426842667681,0.0048989808259660705
0.07810509398223642,0.015602929915484976,0.20386123439491452,-0.020132499697491726,-0.11912010859695521,0.17594183841538913,-0.3128733969356036,0.7398372042400277,-0.3083717615655068,0.7029069576497887,0.06509041635260501,-1.0669310707517714,0.40896243219955625,-1.332881363743502,0.0035505112286644547
0.07831482458848699,0.01573024348849968,0.20408622595419004,-0.02066720461315837,-0.11862177418042506,0.1759455856600315,-0.31400512532456765,0.7399206750698986,-0.30885895415969383,0.7021537962072225,0.06293249682923191,-1.06477828508104,0.42245019969501174,-1.3076441347860992,0.0015505106809010627
0.07896727547228179,0.016099272126234947,0.20476234780470098,-0.022145876660415474,-0.11757180215501921,0.17597306347866765,-0.315615996084396,0.7364275141654897,-0.30858065507653587,0.6958930143743876,0.05525762912128475,-1.0567896703253952,0.4625737342225262,-1.229726283922167,0.004898980824235899
0.07943570112068139,0.01633705532230348,0.20522326045561115,-0.02307266245464539,-0.1173763027363006,0.1759572156562486,-0.3165983044561945,0.7322547330080372,-0.30838905440468795,0.6900862175637851,0.04956556629236349,-1.0527787404764934,0.48924015949302363,-1.174967463924154,0.0035505112274103467
0.07964997114744264,0.016428482790599105,0.20541790775993313,-0.023409707312141217,-0.1175258581712402,0.17593771066312897,-0.3175804525840536,0.7306825526694676,-0.30887769351467304,0.6878912319586764,0.0472658701844446,-1.052389834165313,0.49947204091521763,-1.1534119650714842,0.001550510679314776
0.08044159696530946,0.016625475146242318,0.20600570980990782,-0.02373356776218824,-0.11937770395734623,0.17600167008507397,-0.31895342287054923,0.7187418015094323,-0.30946936734903,0.6751090152550414,0.03793742836813394,-1.0522721263093058,0.5195506350402717,-1.1113298518119044,0.0048989808192256845
0.08112872273494288,0.01668366289211688,0.2064122320155272,-0.023325036383486077,-0.12209198818398724,0.1761024929228761,-0.32003983867370017,0.7060109684256479,-0.3106255312158196,0.6627511593426322,0.03007732897755659,-1.056080868421529,0.5225278533796947,-1.1054460983045968,0.0035505112237794734
0.08145220558226542,0.016691404684080507,0.206584599596561,-0.023025566150306664,-0.1235789627562814,0.1761465847600116,-0.32112185363482665,0.7004362967613191,-0.31181080258566957,0.6576539814852168,0.026748940303308332,-1.0593514755114468,0.5215702412344143,-1.107903172237191,0.0015505106803770374
0.08247765259945716,0.016689743209280832,0.20709143789275117,-0.02191889905448186,-0.1285317303848785,0.17625433350732758,-0.32226203868104686,0.679102021890502,-0.3138041632725301,0.6380915842278335,0.015161008022549351,-1.0676833484007715,0.5147619300943341,-1.1165526317667762,0.004898980822581223
0.08323195588327079,0.01666165997222695,0.20742101595165105,-0.02095545937369814,-0.13247287656396406,0.1763309574393069,-0.32297321554431174,0.6627786088282979,-0.315183253304776,0.6229738505380573,0.006642208650141032,-1.0751024831612268,0.5070496139068135,-1.1265364435336802,0.0035505112262104177
0.08356266505110803,0.016643824259477358,0.20755553413365174,-0.020511404054894253,-0.13428264710092055,0.1763653218288216,-0.3239150219711513,0.6564074148308232,-0.31627804242474544,0.6171744970396107,0.0032866673829166793,-1.0795023636192058,0.5035079860261625,-1.1321883403018982,0.001550510680111472
0.0845650931060993,0.016593296230006445,0.2079452277166491,-0.019228381504343226,-0.13979964061120376,0.17645033687734824,-0.32462940204824203,0.634276629910904,-0.31805042771639186,0.596810568613499,-0.007891310737956526,-1.0901279142391103,0.4924209044053063,-1.1472735131301093,0.004898980821740118
0.08525879201303597,0.016560535640574452,0.20819426434814306,-0.018382183786978288,-0.14371253458653677,0.17649715509244246,-0.32503503206472045,0.6188024243755483,-0.3192331480457731,0.5824917908248692,-0.01557406084623843,-1.0981322736047774,0.4850273957066021,-1.158172354445019,0.0035505112256020155
0.08555656396212931,0.016546207007491192,0.20829534597243493,-0.01801796610395477,-0.14542936414836846,0.17651830379732902,-0.3258593958668659,0.6130304681477855,-0.32022095527014416,0.5772459634139845,-0.018458450071627518,-1.1026232683265527,0.4821322943743913,-1.1637224754538975,0.0015505106801336765
0.08647129073697485,0.016505402243699403,0.2085869982869969,-0.016928094421482902,-0.1506370955968173,0.17657816636448365,-0.3262630517652798,0.5927367265986948,-0.32169970310228246,0.5584854318088956,-0.0284431239842901,-1.113226995265101,0.47240323469656287,-1.178279634404785,0.004898980821812948
0.08711687332352148,0.01647747983732787,0.20877299429137355,-0.016170346060808763,-0.15432724498619904,0.17661834556783237,-0.32651895741457854,0.578455338347839,-0.3226974417026594,0.5451791411141569,-0.03546565067334887,-1.121135548675945,0.4655069519889618,-1.188756511246942,0.003550511225654418
0.08739711469011681,0.016464384085928097,0.20884863163330764,-0.015832858235647475,-0.15595253435303336,0.17663839604388026,-0.3273004630981648,0.5731394583116695,-0.32362698762372344,0.5403581155473792,-0.03808055366299772,-1.1256283046418865,0.4627682674258089,-1.194181739386274,0.0015505106801203539
0.08826439570458683,0.01642452568791988,0.20906149893324416,-0.01480457324064854,-0.16086505959910613,0.176694515644008,-0.3275947704416348,0.5542926083506928,-0.32503061903047487,0.523038546350909,-0.047354871531354474,-1.1360676243806112,0.45351683984608704,-1.2083085334743289,0.0048989808217694275
0.08888323427550447,0.01639423105097089,0.20919339953418706,-0.01406663701455702,-0.16434910468142722,0.17673283249459543,-0.3278104003737872,0.5409798137947646,-0.32609071352791746,0.5107696490533552,-0.05394907975423828,-1.1438581940482107,0.44695504616942494,-1.2185573006214692,0.0035505112256224436
0.08915387676537136,0.016379200138044735,0.2092468844174336,-0.01373025086789808,-0.16589009388616657,0.17675253565651314,-0.3285873293734115,0.5360371937610228,-0.3270751206873737,0.5063673399537479,-0.05637952558443688,-1.148341533660249,0.44435940151469405,-1.223939448038584,0.0015505106801132484
0.08999934258354579,0.016330825197760915,0.2093940528268263,-0.012686027264156716,-0.17052387815819905,0.1768075760441795,-0.32888773341164224,0.5183705727387481,-0.3286859709890957,0.4903686706425759,-0.06523881344282698,-1.1585442066830707,0.4354450232121673,-1.2377870564235636,0.004898980821748111
0.09061052113703923,0.01629171011880455,0.2094835499854029,-0.011913461592268837,-0.17380658798605123,0.17684594155563027,-0.3291294409582499,0.5058267409723938,-0.3299341996728256,0.4789935869918163,-0.07163765881487962,-1.1661260047312647,0.42904367895122186,-1.247852753055094,0.0035505112256082327
0.09088004459783411,0.01627197920027117,0.20952041982101247,-0.01155434439960047,-0.17526255391238874,0.17686601642339775,-0.3299221270972277,0.501168546465558,-0.3310157178100051,0.4749543834621738,-0.07398962807746225,-1.1705367664353639,0.4265064487216764,-1.2532063397980788,0.0015505106801025903
0.09173133533265619,0.016206377155139926,0.20962068219602892,-0.010418944843080188,-0.17960207453109586,0.17692356356926425,-0.330294216747966,0.4844199159916976,-0.33299964047332165,0.4601617936529942,-0.08277077336859892,-1.1802938729510757,0.4176717087387877,-1.266816131516198,0.004898980821713472
0.09235562331223014,0.016152186029387727,0.20968262400483892,-0.009556620595107129,-0.1826582029481419,0.17696461509396783,-0.3305987923002762,0.4724696349683941,-0.33457743565149467,0.4496370908730792,-0.08922411017576667,-1.1874729529399928,0.4112520358887433,-1.276695222589201,0.0035505112255815874
0.09263329384903962,0.016125072026824616,0.2097097835323345,-0.009150541749723781,-0.18401307435438402,0.17698568370723075,-0.3314169252985216,0.46802471311574695,-0.3358161387034172,0.4459459759517455,-0.09161479133294857,-1.1916846813406332,0.408696475400095,-1.2819905325155894,0.001550510680086603
0.09352098575461273,0.016034144874445162,0.20978743040140627,-0.007850505091237739,-0.1879848927951798,0.1770491614017154,-0.3319014378168179,0.4520076114448683,-0.3383600895671005,0.43233369260854193,-0.100682688139087,-1.2005864718664603,0.3996897360736672,-1.2952269314362117,0.004898980821662846
0.09418172652952855,0.015959383748912297,0.2098417123257694,-0.006846159329348795,-0.19073726372156918,0.17709523282898268,-0.33229498587180595,0.4405483633528504,-0.34038770878000446,0.42265987977601915,-0.10746052361213498,-1.2069930523188155,0.39306324635179185,-1.3047552209321573,0.0035505112255460602
0.09447819962799973,0.015922615521413535,0.20986856388583391,-0.006370057838046041,-0.19194838055375496,0.17711763360281352,-0.3331467122363373,0.43628368409680224,-0.34183352692803864,0.41932881986944326,-0.11002783726142519,-1.2107698558109672,0.3904062236417585,-1.3098800705254994,0.001550510680060846
0.09543942418206573,0.015799662055984508,0.20995703196717216,-0.004834587078073291,-0.19537045713772752,0.17719076457248895,-0.3338089478600373,0.4209893302701505,-0.3451594444313736,0.4070491223559703,-0.11980325051187293,-1.2180391108430315,0.38096316059316293,-1.322309924761971,0.004898980821581134
0.09616680665231006,0.015699975405391964,0.21003149371232246,-0.0036361390869896265,-0.1976386592138118,0.17724509170829625,-0.3343621626505025,0.41009871904288725,-0.347851198733547,0.39845036795110705,-0.12721357374331876,-1.2229738950404878,0.37393835122720853,-1.3310530490931147,0.0035505112254865523
0.096496367682269,0.01565191367323407,0.21007148078218266,-0.0030674569578955863,-0.1986092917508822,0.17726972456429413,-0.3352822165455278,0.4060780617140253,-0.3496013234180549,0.3956089921158521,-0.13013772745949123,-1.2258764442499106,0.37109462982797187,-1.3357440245479548,0.001550510680016437
0.09758274593596941,0.015493323599361442,0.21022195672448765,-0.0012334548302340492,-0.20107486639888297,0.17735617065830636,-0.3363250063229627,0.3919240594923281,-0.354030175761585,0.38522223204727923,-0.1411718167354316,-1.2299775390521834,0.36094866352508526,-1.346309491760913,0.004898980821439025
0.09842039854248727,0.015367576951496778,0.21036200559593832,0.00020059851109963933,-0.20245967423802502,0.17742045756630168,-0.33724577336606554,0.3820969177273147,-0.35759325274795645,0.37819635516660344,-0.14961092732224818,-1.2320060326232813,0.3533437610107778,-1.3532316658921173,0.0035505112253844118
0.0988056593857398,0.01530812185844142,0.2104380368157603,0.0008797854351048401,-0.20297246109249872,0.1774490811645442,-0.33835302662821615,0.37860835479343913,-0.3597630673459267,0.3761123734640848,-0.15316455530765796,-1.2331749901806326,0.35023010531629734,-1.3569148927693937,0.001550510679926731
0.10011883045768848,0.01511412606104653,0.21074631422221685,0.0030955150817403606,-0.2034874029756456,0.17755630057656974,-0.3404548719766913,0.36709187405245713,-0.3661479760106348,0.369223869224325,-0.16647314995650853,-1.23058308488619,0.33900119831433556,-1.3629783486018534,0.00489898082115392
0.10117020477987261,0.014962754691015014,0.21104346215302427,0.004856644112836597,-0.20296916417579342,0.1776396548266919,-0.342533975136862,0.3599725011702061,-0.37169579646422357,0.36571528589082997,-0.17694864941135977,-1.226018046320336,0.33051622045177637,-1.3655286609442072,0.003550511225177466
0.101662227512048,0.014892646881886245,0.21119913759295328,0.005690061509575658,-0.20252062836987958,0.17767871359733614,-0.34419591334410815,0.3578221307689369,-0.3747877436488677,0.365325091257809,-0.18178126270413617,-1.2233803778034409,0.3270214646543755,-1.3670574219089913,0.001550510679842354
0.10336573155933915,0.01467016713060563,0.21181479862797964,0.00838361909124002,-0.19946772970563426,0.17780890643640673,-0.3485727854658637,0.3516264275576009,-0.3841333954121196,0.36461069645839195,-0.1990606311772811,-1.2082776730025562,0.314063750513844,-1.3640596774356435,0.004898980820891019
0.10475272409872148,0.01450276588840116,0.21238358983724406,0.010533868775717905,-0.19582139796222398,0.17790103852443157,-0.3524599860803487,0.3489644839129144,-0.3915828386142432,0.3657100834572839,-0.21291891202254112,-1.1927273715711277,0.30444677673407206,-1.3589880312040834,0.003550511224987396
0.10538774598890216,0.014436538539035279,0.21266148165839657,0.011483985384061061,-0.19397287208488978,0.1779393841258305,-0.35487397245678204,0.3488209780832354,-0.3953127370967613,0.36703475776087907,-0.21832132475282062,-1.186466046768657,0.3000769218546063,-1.3562280394214843,0.0015505106787827572
0.10737108449950399,0.01434127409218052,0.21355991039274927,0.013865533196008206,-0.18763727219452556,0.17796205337512316,-0.3616023614803453,0.348353806890598,-0.4056525840053847,0.37046090475920795,-0.22381953713053618,-1.1817995588125707,0.2860933569162092,-1.3444727271712622,0.00489898081754081
0.10879627065717597,0.014377758056758302,0.21424433009660612,0.015038028134951033,-0.182699270422258,0.17793332215866617,-0.36716521602886903,0.3492980077391917,-0.41298073427935256,0.3732815700006552,-0.21709237122693778,-1.1926884918171423,0.27604804107588704,-1.3343665260539044,0.0035505112225591162
0.10942147412961475,0.014414218249364312,0.2145548076044648,0.015420424660181724,-0.1805195766612448,0.17794272589681454,-0.3702507326246492,0.35056880336595186,-0.4165178401398439,0.37495409282503617,-0.21214975787078716,-1.2001115603285595,0.2716818147248049,-1.3299455674541214,0.0015505106806807945
0.11141997449801365,0.01457223632538667,0.21554465133575915,0.016417434744493645,-0.17343803128178964,0.17795598241257457,-0.3782172288495687,0.35256366983372445,-0.42590341544914545,0.37806995318201225,-0.19514518035532794,-1.22340199583161,0.25698592024443223,-1.3137242341006508,0.004898980823542232
0.11290010596202849,0.014727219129752531,0.21628260581866454,0.017002330614587564,-0.16825262486036116,0.17792255307913613,-0.38405792411992273,0.3537353622067055,-0.4323626323637765,0.37972424554358297,-0.18182156196658733,-1.2401657689602807,0.2459669078111289,-1.301611889059794,0.0035505112269076378
0.11355157278512562,0.014803878051890863,0.21661161114802296,0.017221794775410425,-0.16600124393917978,0.17791132089273268,-0.38719256671811925,0.3549051317720608,-0.435549609442908,0.3809410527932209,-0.1755827706688933,-1.2471214594634512,0.24138821579858227,-1.296965407214276,0.001550510680513817
0.11555728826168607,0.015082388970565798,0.21764467116094344,0.01755747119104936,-0.1584453451606764,0.1779018691869837,-0.3954307994012288,0.3580862305099418,-0.44379012840064036,0.38382684245031584,-0.15158863239280043,-1.263438584744422,0.2259693383826692,-1.2772441603333704,0.004898980823012877
0.11697040464009971,0.015317298821166536,0.21839485874909426,0.01756988883682418,-0.15268816103872992,0.17792069436926355,-0.40154777218686527,0.3613687036954881,-0.4495265058445144,0.38646586417066364,-0.13039470630259373,-1.2699420697495527,0.2152602666736198,-1.2622360011034155,0.0035505112265230565
0.11758500223415952,0.01542563060514273,0.2187232397107181,0.01755687387045659,-0.15021624542477438,0.17792837441354004,-0.4048043660562943,0.3634477703554683,-0.45246582414174635,0.3881357294255433,-0.12071511112244529,-1.2720525179844624,0.21093627631475867,-1.2564514277814456,0.0015505106808051394
0.11955024128281301,0.015769388974743313,0.21971490293807608,0.01750232393508771,-0.14290266475955365,0.17793638107719084,-0.41282226974526687,0.36640761010519296,-0.4598936626759478,0.3900947221827143,-0.09247099151430829,-1.2812253060766559,0.1954209351222563,-1.2363630091874491,0.004898980823932142
0.12100764387681553,0.016019335231662237,0.22040111693201447,0.01753027991350562,-0.1382114892347771,0.17791252181708958,-0.41838052869784675,0.36674645168678077,-0.4652112411037647,0.3899696443809224,-0.0745077465292446,-1.2904832247890579,0.18348521586106206,-1.2234423321090444,0.0035505112271909667
0.12165357620742896,0.01612768681988223,0.22069512274853226,0.017572573700897116,-0.13638001117312537,0.1778915511515362,-0.42134767380180127,0.3670207981464423,-0.46805431325550373,0.3900748436381241,-0.06729936239864175,-1.2953237490707696,0.1784519151746436,-1.2192863389343114,0.0015505106807918168
0.12368773368801514,0.01646593040421118,0.221572309201081,0.017697970713363292,-0.1312147021658799,0.1778126903255639,-0.4282330508624589,0.364180977808974,-0.4748483602265878,0.386909550592881,-0.04551228027166865,-1.3135012315942516,0.16135706073833306,-1.2047467767213156,0.004898980823890398
0.12516710939060613,0.016707082192531832,0.2221711333201135,0.01784822802937521,-0.128201272737112,0.17771803362702968,-0.432766308952021,0.3601781915166557,-0.479491385853911,0.3829063770130049,-0.03096676157228733,-1.3296076548392863,0.1486083819121858,-1.1959902231719193,0.0035505112271589923
0.12581472349178727,0.01681084783921824,0.22243146894346277,0.0179323099009773,-0.1270797622714659,0.17766386109775442,-0.43522964788878965,0.3585863679814767,-0.4820251154995525,0.38139350251225196,-0.02475862084777888,-1.33655480291414,0.14321376788818138,-1.1934487267393852,0.0015505106801443347
0.12781166565484445,0.017134300346506003,0.22326365040927154,0.01817381994119619,-0.1235360918834345,0.17751157079287957,-0.44027437207179376,0.351144541182095,-0.48734030179423654,0.3741199945588503,-0.002530046666162085,-1.3489243718246158,0.125514544212316,-1.1823197855642456,0.004898980821847587
0.12922319274708285,0.01736402774510271,0.22388943683822732,0.018347041994059413,-0.12112709631222882,0.1773828182699837,-0.443259666069671,0.34511284833669026,-0.49062513517694734,0.36832700153715675,0.015826998335894026,-1.348988646285908,0.11261217080868265,-1.1740400541697038,0.003550511225680175
0.12982712840852956,0.01746360402744474,0.22418063897648055,0.018422217612100056,-0.12009014145746129,0.17732651556482648,-0.44489259302314516,0.3427984565935156,-0.49244092658102534,0.3662359882838025,0.02478332548243804,-1.345309561514737,0.10731558564271743,-1.171254288192448,0.0015505106797686352
0.13160253091120452,0.017780657599810318,0.22521076364221929,0.01833087633956168,-0.11588083179995168,0.1773174201261744,-0.4470936647693185,0.3359694323170266,-0.4945687960342941,0.35912899425915834,0.06149540701353872,-1.305380244801672,0.08981285721340687,-1.154209679442172,0.004898980820658316
0.13276984479741516,0.018014290752196724,0.22607064185399173,0.018048509400710164,-0.11213628730429438,0.1774352963530133,-0.44767535430949884,0.3325475670138576,-0.49461962681786154,0.35487446764657693,0.09561150350491837,-1.2499708737238426,0.07786959168777793,-1.139190057366356,0.003550511224817754
0.13326180090076145,0.018117635525768887,0.22647259775992587,0.017892945817456315,-0.1104981351445436,0.1774936423383618,-0.4483564091892821,0.33161888922637633,-0.49497992673429264,0.35348571644952553,0.11139467052477747,-1.2212639937460996,0.07335543678993219,-1.133715754138137,0.0015505106805306923
0.134823661632609,0.01845370665218517,0.2277224879387726,0.01742737264995756,-0.10597104389748269,0.1776166852407005,-0.44711540738085065,0.32430545442579,-0.49315891818796065,0.3453141566716977,0.15663592441315294,-1.1334418509872521,0.055632795907068176,-1.11146118923608,0.004898980823064392
0.13597477807271643,0.018701327478033998,0.22863275717860373,0.017124569352187927,-0.10344782120449748,0.1777042892288358,-0.4452459874285887,0.31646595375385644,-0.4910849432162389,0.3370922307094845,0.1848252101831858,-1.0724966354219854,0.04259377252977947,-1.0983377207576872,0.00355051122656036
0.13650427172084234,0.018812729010475204,0.22904220593309263,0.01707571914794632,-0.1026837757702952,0.1776886355888177,-0.44515862828694536,0.31293689178921263,-0.4909618407215084,0.33349457920635484,0.1948014300802164,-1.0489491248560252,0.03687406245634627,-1.0939775654382504,0.0015505106805404623
0.13839633244037952,0.019158224776518486,0.23031077953497578,0.016958521575439818,-0.10151892756292266,0.17758204554064752,-0.4402137537086778,0.29260855598012436,-0.4865627026009512,0.3137060465137321,0.20906795035153752,-1.0017496836922488,0.014702429456035922,-1.0805411660474693,0.004898980823097254
0.1400000055454191,0.019407208496544467,0.23125714119871774,0.017075279513476982,-0.10217513507078205,0.17747333122086464,-0.4362632094571216,0.27277334777675794,-0.48355320651016903,0.2948183748714529,0.20289704859513652,-0.9951809289037952,-0.0033675165521610956,-1.075503592592431,0.003550511226584341
0.14071996077189902,0.01952697865422656,0.2317622195275463,0.01706351930665774,-0.10279484451338051,0.17747727670805652,-0.43278636246408714,0.261659909676114,-0.4805354345660472,0.28413451700292963,0.19463279846222992,-0.9943163296578089,-0.012312132631460205,-1.07291547564135,0.0015505106797117918
0.14265300726331193,0.020045067823017213,0.23460728660681207,0.015988377017568684,-0.10570548480631023,0.17748178823306257,-0.40128902355643237,0.20863914365752909,-0.4506579953716851,0.23279056342368792,0.16314814500909125,-0.9820775023209274,-0.046511482400159135,-1.0530191799183226,0.0048989808204753515
0.14369452334534016,0.020548440479806664,0.2378283888797512,0.014222735296526708,-0.10848870661601136,0.17748548685078078,-0.35395382036270107,0.14887604994733836,-0.4051352916955545,0.17503983929211145,0.1355424294354043,-0.9635983581904273,-0.0771950618275732,-1.0265238732762738,0.0035505112246863035
