X Position,Y Position,Z Position,Body Angle x,Body Angle y,Body Angle z,Hip 1 Angle,Knee 1 Angle,Hip 2 Angle,Knee 2 Angle,Hip 3 Angle,Knee 3 Angle,Hip 4 Angle,Knee 4 Angle,X Velocity,Z Velocity,Body Velocity x,Body Velocity y,Body Velocity z,Hip 1 Velocity,Knee 1 Velocity,Hip 2 Velocity,Knee 2 Velocity,Hip 3 Velocity,Knee 3 Velocity,Hip 4 Velocity,Knee 4 Velocity,GRF 1x,GRF 2x,GRF 3x,GRF 4x,GRF 1y,GRF 2y,GRF 3y,GRF 4y,GRF 1z,GRF 2z,GRF 3z,GRF 4z
-0.09080660016050726,-0.09080660016050726,0.166762903509256,0.0,0.057561860756101396,0.0,-0.07933985690707922,1.243233661069286,-0.08606820798527624,1.2426981089228977,0.4707976322018672,-0.8469390690934226,0.5232767856766929,-0.8182093591554416,0.2566521534462057,-0.700693815661024,-0.47987484676879255,-3.3776177347197196,-0.04014404825596582,-5.674063108512393,-4.395310358911276,-5.805374590177914,-3.324653430086526,1.2158665706956633,-13.365975885081019,0.296473526284177,-11.374053732357567,-41.27857440710199,20.4072323924879,72.50120125962121,53.67859895330125,-13.351887790856036,-6.055190714886434,-20.59755629628414,-4.315373399364062,58.31521109283267,43.20058186627332,174.2294912953417,109.14346905081076
-0.0891792330389886,-0.0891792330389886,0.1637335590370772,-0.0005008791968807716,0.040569538097553856,-0.0002744070350586973,-0.11150386431660415,1.2260694298793644,-0.11732543692295831,1.2243128924704643,0.4742190559741162,-0.917621168430286,0.5268493618407009,-0.887764257650296,0.41033037923441307,-0.5318977348576901,0.26122163595155773,-3.5546509647200293,-0.06037464020776933,-7.041793435932614,-3.8208401069945364,-6.901208720927973,-4.4024575810058,-0.3866466451586826,-14.578821357739022,0.3409666337796636,-15.410207863154978,8.984783804146883,43.55381623625935,14.616273389246798,4.889694639167385,-2.757842939709761,-39.02903496245072,-36.26207967517917,-1.233850773977741,9.584261356013748,58.90493303119164,40.272551113194254,5.325298779184239
-0.08750967133155171,-0.08750967133155171,0.16208588768606785,0.0012989703412810878,0.02774853218605762,-0.0004489189074378639,-0.13588951412940467,1.2063220825106087,-0.14292827662480403,1.2060278905456363,0.46753526186384214,-0.9657283179596258,0.5234168643487942,-0.9384463724303173,0.5315050211861089,-0.3940635008310501,0.7451896408349644,-3.6648828652750725,-0.03188340416120052,-6.476623391184942,-7.937800175605258,-7.492424276756133,-6.013752464410792,-3.676450109851089,-12.041372044700525,-2.705755502217306,-12.292595461811372,-2.05638076600083,31.440126813361378,30.61074631797614,4.079710111405245,-3.1700013742578004,-22.229367188156413,-36.842938280513216,-0.1486310237763777,5.005890936496335,39.43986006689325,91.70508827083977,5.015448034277939
-0.08666102696922917,-0.08666102696922917,0.16147948434904394,0.0025264235044325095,0.021847575448308804,-0.00042953733039801403,-0.14622154364880752,1.1936677828000193,-0.155004291996706,1.1968562725924288,0.4624483478195678,-0.9861797232123056,0.5196022248114436,-0.960218106244645,0.565493700032067,-0.3832403229620808,0.8457724821531309,-3.9276103622077985,0.006593355821975564,-6.879538327381536,-8.401448097906107,-7.958250764665139,-6.419382296336963,-3.421657347446053,-13.511982183961418,-2.6788902326482993,-14.806435309842234,3.588852996343908,42.34217315257127,26.59669352195646,8.386176990892384,1.478477631885687,-25.07001618941802,1.6644549833145723,-23.840250862997415,5.000476630388832,51.39330532949483,27.684626382562065,34.98355246746368
-0.08360415345680731,-0.08360415345680731,0.15972774345800914,0.007659826438410504,0.0007776896148323681,-0.000423371745437578,-0.1830566558417611,1.148809362147714,-0.19674613290872736,1.1588338518906331,0.4420337624351377,-1.0565569235763308,0.502167942746445,-1.0405123734005193,0.6833099011474003,-0.331269596720964,1.2735221343368959,-4.66535864162195,0.00604771483817058,-8.12584540851862,-9.909437520711302,-9.102276456012081,-8.912541527775971,-5.140747659716478,-15.095382355869454,-4.582227040987219,-17.34097100366711,4.806385074330354,43.983686617872024,4.045609890428575,-2.4508437951236095,-1.002980157147899,-17.45557876124969,-2.8981965222109416,-4.297816306632684,5.000799830004148,47.503583969606304,5.013823201965892,5.003048211920309
-0.08102166323112286,-0.08102166323112286,0.1586220711572977,0.012866878586294931,-0.016685654544910656,-0.0003446441051681181,-0.21332505508400712,1.1116998812166479,-0.23064733342203042,1.1250735929456532,0.4202634006777924,-1.111480497986874,0.4826277814788286,-1.101721153223182,0.7718465493436097,-0.29122120206780633,1.6719987440515902,-5.1671225757050205,0.04361719190000536,-8.907260436682208,-10.993002960169921,-10.00448673621273,-10.004443750091031,-7.242339223652397,-15.777897006707994,-6.5001611408544875,-16.8056242814634,4.949187547288039,45.15728174650605,2.8978475848692336,4.1570704287003135,-0.417796137960567,-5.421375604322468,-8.274025380559973,-2.588829035328498,5.000307803693428,53.674843297121164,8.926524820804891,5.002634165758495
-0.07982882172271846,-0.07982882172271846,0.15817761213409454,0.015383649294426316,-0.02470726187521003,-0.00041712203509871866,-0.22622113328838958,1.0967713567112651,-0.24570332436131376,1.1087456261836715,0.4086275581540149,-1.1349447203815284,0.47298406335780707,-1.1303197660410134,0.765881754322832,-0.28114728427743507,1.5697322467107058,-5.176823630828054,-0.06641733319097147,-7.662024872973044,-8.262636005658969,-9.566521489014201,-10.516115684208645,-7.533156143293032,-15.411608622801088,-6.286947220090662,-18.457875674291014,0.09916926450681537,39.24778657496098,13.075045538780213,5.075826229169451,-0.0010015334048672003,-17.012497253577283,10.146800331773088,37.901747229675514,0.09974670333199555,48.697139673365726,16.563805912311306,38.262684301171824
-0.07612544250473231,-0.07612544250473231,0.15688979057866265,0.022205500222448864,-0.050103321653122826,-0.0008310661861207313,-0.25341720579252713,1.0775647331364084,-0.2902584322312815,1.0563837345411426,0.37067496475327666,-1.213302161637022,0.44031565820052565,-1.2196765895166652,0.7467097434377976,-0.24393260666541242,1.208915320022172,-5.188451095963381,-0.06909081088524134,-3.4100183682450105,0.4427455904038597,-8.609641786063154,-11.026106614969835,-8.054490865527217,-16.352059577903052,-7.178095321046112,-17.824118226275097,0.0060092538988620724,40.67375665709912,9.488923073995423,-2.4883518059472443,5.265510777277267e-05,7.807114079750519,17.17044556997122,12.587009946535984,0.006699872444886166,50.6535900677704,19.6211060067466,12.834267422465931
-0.07349488731603761,-0.07349488731603761,0.1560754098070642,0.025997211513977245,-0.06852527597245824,-0.0008881318291933894,-0.2598783872885232,1.0904582167150816,-0.3195199318977565,1.015630667152432,0.3408704668951823,-1.2712797976095171,0.4129486774735129,-1.2810149481842832,0.7354411259390058,-0.21445419649519476,0.923608551855343,-5.187222276675625,0.054533071749060635,-0.21344204330590816,6.831217107463271,-7.8662789566131215,-12.016979893717416,-8.783467850869881,-16.188119349366346,-8.30501620727613,-16.62378229844945,0.0004917848947365639,42.5774924429589,2.7191275810684097,-2.303446976975559,3.8446330928694527e-05,3.309219724360365,4.182272382308388,22.581709232308427,0.00255546564555234,42.74715856561432,5.003553243829552,22.717772039902915
-0.07140505108683365,-0.07140505108683365,0.15545057916268887,0.02832155625089087,-0.08293027404328843,-0.0006472569399495759,-0.25784027005478544,1.1146185981006898,-0.34147121980130984,0.9833901474484044,0.31636133612344586,-1.3141148259027107,0.38940788242326846,-1.3297110724683159,0.6847894390643802,-0.20801302889654497,0.6441935929556704,-4.585618255546671,0.07008754232497123,1.5100852476074011,9.552203832482459,-7.0661125941463165,-10.230002066349789,-8.023492232661644,-14.052618650949833,-7.781203449123068,-15.572198107257261,0.002323874732374562,2.1193547013090517,-37.29113348440721,0.355267368928417,0.00030953471514385807,6.523276742366665,21.71740100465506,8.810008038580312,0.002727820820137464,6.861130732987514,43.15902495378869,8.826906324174567
-0.06575679723147419,-0.06575679723147419,0.15362241691311357,0.029918649592186368,-0.11659375763870637,-0.00034416131370455154,-0.21867114186415465,1.2446618928452113,-0.3960935981720667,0.9079095236406088,0.2512309629446084,-1.4271185878471415,0.32473858278177803,-1.44628913058114,0.5279055337231591,-0.18555451518165522,-0.3130248960862204,-2.6366308489731836,-0.005504231438276673,6.988759118498871,18.491161206417708,-4.677591265139879,-6.0801840587819305,-5.893290089431344,-9.931003001899061,-5.975742523229862,-9.44345356969498,0.00027667828657743586,-0.21756297398592903,-38.85826288294053,1.5705604457233378,0.00043460670554805957,4.994248313867377,27.62288248931128,4.7399646720058595,0.0011876251326766636,5.000360639155597,47.680913940120206,5.0009853690820645
-0.0625856240978044,-0.0625856240978044,0.15241616433969796,0.025336368181014212,-0.12951701685848413,-0.0005718720975279256,-0.1571996060750173,1.3924549042649743,-0.42192071829446914,0.8759926178554535,0.2174860085703888,-1.4808739924845915,0.29030460398892227,-1.49472152739866,0.41170733309985147,-0.1724306048229263,-1.0514631776734171,-1.1890173647224846,-0.06226843914406086,11.276316483310561,25.37235298575851,-2.9828790342440596,-3.430366263729175,-4.0698383926082915,-5.8492299249766475,-4.159689295658153,-4.897765837672707,1.2714889424819264e-05,0.854034597728607,-34.37385481245302,5.618834914111017,0.0001942127317781481,4.923573291955358,20.764141348320294,6.428057899601744,0.0013449828328863768,5.002449494415378,42.82922881242138,9.359027742146841
-0.061932720082635444,-0.061932720082635444,0.15219104585608956,0.023746444918793047,-0.13105396225747323,-0.0007524275129665582,-0.14084743575932213,1.4284093731080838,-0.4264671469761573,0.871342226380826,0.21096316260214404,-1.490084641009112,0.2837199911254131,-1.5017845199070896,0.42750533444409416,-0.1146964329623808,-1.0206598779618485,-0.8026882352900664,-0.12374576433082464,9.835806899981986,20.9100959318073,-2.9462111928192374,-2.8470991665986856,-4.130089839702107,-5.124432322497292,-4.172336289348517,-3.719195966387474,-0.0009576060125193636,-0.6844934800987952,-57.29398976381236,-18.58353067861655,0.0004915784413645323,4.94843434620009,-2.2310689271906656,8.990247702511688,0.0023256482382561583,5.00056383114732,57.35685815245954,62.38207272171101
-0.059740461884351136,-0.059740461884351136,0.15209960386806967,0.018768446930364006,-0.1320922096810397,-0.0013875260764626507,-0.10365735127743014,1.4955395603487223,-0.4409531197639709,0.8601141666653482,0.1917952981658049,-1.5034654069875268,0.26418547281773536,-1.5082084482541096,0.4672649038413984,0.07712536241317741,-1.0195799331264017,0.3750086251595474,-0.12249627378837638,5.3473559938628865,6.490022406645892,-2.9422146657257073,-1.6802220150809402,-3.7143199866867205,-0.47878158678517546,-3.8407354098495596,0.9190978345301046,-0.007601185518995688,-1.1954884673201287,-53.13624608253199,-13.006210235550283,0.0021044624190211256,4.849931482920206,-1.7691649770135545,-12.991468967251159,0.009018049184930628,5.000363275066028,53.17902391120854,62.381433557663584
-0.05803151007814388,-0.05803151007814388,0.1526188634489927,0.015104117390027831,-0.12926735518535543,-0.0017462160937453904,-0.09044421906554768,1.499997077809317,-0.45124866740866904,0.8559733618403916,0.17903279143620834,-1.4999927544588358,0.250757201069929,-1.4999938950298735,0.49527323588280536,0.2152470664894772,-1.0487260787083479,1.2142248094924626,-0.0727064005959576,2.095789143486838,-3.9820796651612,-2.8438932095294724,-0.6226057304438428,-3.484855659194686,2.3611046125864745,-3.743432431330106,3.6148992718569652,-0.01842311984218739,3.939650631073509,-59.89107010014656,-19.9198842452983,0.0012440651050481246,2.9940739137297387,-1.2266269328885295,-9.785212019665963,0.022214985419621178,5.000575363536443,59.95544153607841,66.5266794263514
-0.057251404970108714,-0.057251404970108714,0.15295619691017212,0.01355530906791716,-0.1273933515084874,-0.001865615803244964,-0.08832910707461995,1.4923416468045572,-0.4554897758783411,0.8550936120167394,0.17359200095474173,-1.495793102275891,0.2448516332208377,-1.495171190665486,0.5111254053863401,0.22217220581830818,-0.9505861828389979,1.2015565408181028,-0.08773502541199107,0.6245409673443149,-5.925501886258589,-2.7251536666551845,-0.8528476740176084,-3.576142048764424,2.7623111949771713,-3.8139774742573382,3.4834731196566713,0.00014598691097280074,-4.943442925528108,-10.394820632649862,-2.251282565238611,6.824092749258291e-05,0.7145150523599038,-10.20765034672436,-4.479037960327426,0.0013310967274799644,5.000773850791091,14.575997031417096,5.022457445840958
-0.05462049755896343,-0.05462049755896343,0.15410374295369758,0.009610646486289101,-0.12159872645284393,-0.0024284097932891755,-0.0966008282707007,1.4485054862898346,-0.4683920078813329,0.8476221909491685,0.1549846699715218,-1.4816329781276534,0.22582254364693238,-1.4752094720606006,0.5634211946989165,0.2444165473535629,-0.6653386580433448,1.166848860862663,-0.13689546697015006,-3.983355373675237,-11.894862483802939,-2.497001573105018,-2.022890525548565,-4.027874056269746,2.9868416459814244,-3.9955700888227126,4.219543069613783,-0.0009260450943154039,-4.801874936311639,-12.68645082089009,-2.508721181471756,0.00031693584281032767,1.3133196543193513,-11.418479233529549,-4.327185618527508,0.003217711416785958,5.001446386516598,17.07327447132448,5.008363166324702
-0.05255001088166174,-0.05255001088166174,0.15498931969350077,0.007583732612256574,-0.11748466615477815,-0.002948346283939133,-0.11656871582940813,1.3990255710038655,-0.4767055905511206,0.8399332199849218,0.14005889544712008,-1.470920700843059,0.21116811173824707,-1.4618359552940514,0.6031360230269714,0.25343276796205766,-0.47932142897704855,1.1520474881821658,-0.15329018615104958,-7.255029539307773,-15.937383401921625,-2.1623129919784865,-2.2166659936518815,-4.38379700612709,3.0307281485455593,-4.280770836164653,3.079315673208859,-0.0417953212296133,4.149011752559522,-12.036218554916106,-8.454920101314299,0.004363780322750586,-1.8866780388976616,-8.96343945330857,-13.690522318688464,0.05175706867848178,5.001507211544602,15.02641631020851,16.119003730591118
-0.05161986457317111,-0.05161986457317111,0.1553641543526909,0.006870083426277393,-0.11564874110033663,-0.003227538877082005,-0.12753027098632955,1.374833993625297,-0.48014683479495346,0.8374137867966106,0.13359340765185665,-1.4668794375905398,0.20518812268890865,-1.4581288480066388,0.5986241557088847,0.23627461018168322,-0.5091599251561266,1.2372040074878368,-0.15090162176104263,-6.844932615178417,-15.207596715643703,-2.407389085583988,-1.5360373121346704,-4.100581014302724,3.076926386613645,-3.961563907936526,3.20217518933266,9.586026019763451e-05,-2.895417936326819,1.6191018348304242,4.321064740935565,2.8969659786917375e-05,4.020101268162224,4.673977779574448,2.464057012343259,0.0018189948594682017,5.00556376625973,5.001024437912431,5.0005340827786915
-0.04870635413228541,-0.04870635413228541,0.15641762627571112,0.003799566605554395,-0.10881749436953002,-0.0037111470694378822,-0.15784535163775282,1.3062859281847974,-0.4945817537279212,0.8324663765700412,0.11443364056380019,-1.4479771865159439,0.18519483700003334,-1.435326070974388,0.5908978882521785,0.1908118515758076,-0.7163632012118013,1.5435579504426884,-0.07688273082245617,-5.57147259076296,-12.801258356261846,-3.4440443653084563,-0.2973564626244554,-3.7437171202605697,4.104242466947354,-4.039999481158721,5.263189120006791,-0.04095433082245326,-4.802495117882066,-4.582372544154753,-2.6432158515179625,0.0015468567731866502,1.3057597535314627,1.9264535072953608,4.164306575507008,0.04732324810109019,5.0056351170144735,5.002418826906317,5.001600202129449
-0.046617808347490665,-0.046617808347490665,0.15701948757153855,0.0011498700878586766,-0.10298918400175468,-0.004062645477385127,-0.1762193609914193,1.2637921956696871,-0.5079055166600102,0.8340712681273518,0.10147267707679346,-1.4351496794321963,0.1716695870586914,-1.418818040176412,0.5856237198448748,0.14664478853415128,-0.7614963063587696,1.7352791482220122,-0.1370586657809719,-4.7997741598016415,-11.148153168564479,-4.039371433437556,1.2992861360601409,-3.5689263003043816,2.840133323370276,-3.4943752981280323,3.592545642445188,-0.0337092362163687,3.795258144604582,-1.9029034000791252,11.869866247309437,-5.5621622300217055e-06,0.17063791712686704,13.80832312805206,20.4782057753792,0.05532745699082623,5.037467358374852,19.188680531540477,30.12116873233418
-0.04575659941085975,-0.04575659941085975,0.15723571304703413,-0.00036188964924383616,-0.10033334162365082,-0.004198842480569086,-0.1813610869561883,1.258207855174076,-0.5106579657894241,0.8329919304460174,0.0966928220592431,-1.4297215147263782,0.16691338820346924,-1.4129797763141225,0.5404334645318506,0.14147607062993772,-1.0418922335880556,1.7063190549415272,-0.0466532169467467,-2.5958916986323963,-1.1315244082171416,-1.8153929200186214,-0.5232003582764991,-2.9668547485973367,3.7178017472529343,-3.1902916571304383,4.437615127619493,70.43149741347831,-1.2873583760761742,-2.9209414835112097,4.965548834807942,28.985088071389224,5.753382769884823,3.9909736481694584,0.5168817878057976,76.20475210862607,5.99411104304688,5.004818294774371,5.000518048518306
-0.04333160789568644,-0.04333160789568644,0.15798826524988593,-0.006381168782800742,-0.09219240468731339,-0.004120682452313323,-0.18547127439229735,1.2743352180107927,-0.5192509595349176,0.8314455325055149,0.0834896416806073,-1.410367074902816,0.15061684250358634,-1.3852754810648982,0.45105967273115605,0.17012006468041577,-1.3968288974139427,1.5991130253103412,0.027269531639493663,0.5238209705770861,5.147336922168977,-1.549589019897461,-0.36546777031931027,-2.4950693824481553,3.839941059706162,-3.2715369345924596,6.184062840399089,-0.0020808130543044628,-50.45931803698353,-11.688945176159303,0.3727678978825024,2.728802915634215e-05,22.87447089384196,11.227604230553474,11.149294764364063,0.00924729112786618,55.476704719683845,16.26133412306384,11.232245925010208
-0.04183654989182189,-0.04183654989182189,0.15865413722787924,-0.011690581205966595,-0.086756241013214,-0.004222387986233698,-0.18185368388480103,1.285987276594244,-0.523591632546347,0.82887759094051,0.07482713744174219,-1.3985436315925137,0.13999130966605555,-1.3650137097652975,0.3918904999900085,0.2072594912058649,-1.5841692648249628,1.4535717183010939,-0.11150178344884681,1.3069657998895097,0.06732299141960756,-0.8203488070343232,-1.2162284690626242,-2.422199687790264,2.6396800836447905,-2.6133855176692764,4.867713473621186,-0.00624213127509575,-4.950708006557772,-5.714919470843303,18.01732605206253,-0.0002736107984989398,-0.486542169404951,0.020396355018971413,21.175144024365242,0.012310074544802672,5.02318165023339,17.37951581155978,30.257916649084414
-0.04122344463042199,-0.04122344463042199,0.15898835401436523,-0.014043281049931534,-0.08452583619468124,-0.004429208605538812,-0.18561700075258689,1.289824410250814,-0.5243261823511391,0.8274568911961114,0.07120960537133075,-1.392760545223678,0.13577283077671953,-1.3573477313805253,0.3867867764071197,0.22671241423598082,-1.4600375589259336,1.36462205697043,-0.12496275433899723,-2.3416190595482704,2.1388729171330096,-0.4000038681896657,-1.1170708705783363,-2.3824476497481233,3.7774663819244503,-2.7253135133679396,5.008754920160048,-84.89991109902749,0.8461721783628564,-13.457100253301318,4.305601246254432,-4.87781568475048,-7.130323485654221,-6.779503059154558,-2.428659656267794,85.05094694618741,7.387743775709927,15.134673699890659,5.004136977715749
-0.03945991094525039,-0.03945991094525039,0.16026831065710082,-0.02033709253065724,-0.07897608651468899,-0.004934145956206001,-0.1959690403004841,1.2954273343361222,-0.5249892533995056,0.818991007240754,0.05902816284094403,-1.374387859083782,0.12211175586739204,-1.3320458883889765,0.33353439890740444,0.29529446347390026,-1.1138318752326564,0.9022940879752287,-0.08476990702666565,-1.9162729336545312,0.19869956075134598,0.15335194837888336,-2.3213381817314844,-2.551287232658183,3.588116031083756,-2.888773479008073,5.284135023832728,40.46634774965694,-11.113308726101376,-21.986419944840023,3.827527856423308,-9.804961648429856,-3.98719580531167,-9.076183262140763,-2.890501213267301,41.66043717076594,11.839425050110231,23.99225023830568,5.008032049475582
-0.03834213952738763,-0.03834213952738763,0.1614019415241106,-0.023871700467104694,-0.07636021853292656,-0.005203977898413336,-0.20240694321970049,1.2939238917498102,-0.5235951687036137,0.8093014075609736,0.04997765400547849,-1.362664887382875,0.11143315312880582,-1.3131394258389153,0.29629543057285795,0.3429990047677372,-0.8795382139205621,0.5718740912413243,-0.06911341217358795,-1.7268387050871055,-1.0192264162796145,0.6445652879828052,-3.127471614943194,-2.526206523805176,2.944498367365774,-3.1458987514905874,5.3466682288329554,-62.24323510423375,1.3279459834374496,-10.919323017975264,-0.2613466282078909,-16.186675969292526,1.3665355462441748,-10.540522678901624,-1.1480393233087578,79.05287437464979,6.833711139110676,21.3901738555625,5.02991603861262
-0.03789314460474193,-0.03789314460474193,0.16192802259755745,-0.025363387771949214,-0.07543861737430488,-0.005198626586760911,-0.2041921134775032,1.2931989567242603,-0.5231840182266118,0.8043523777756878,0.04634943112186078,-1.3579849849820267,0.10670880183601007,-1.304983315917388,0.2848196400205542,0.3365381930261574,-0.9516522359337151,0.6187369221618824,-0.012543120595409034,-1.2482393287367013,-0.7636287327326622,0.2405812727795007,-3.110760010412006,-2.375954479892435,3.321597708851209,-2.878763336677158,5.036753423754971,4.097936755700996,-13.899569647402856,-12.633172348661015,-0.8303455928574507,0.17360743728573372,1.419066720985362,-5.7645311165602475,-0.5626037448715543,4.1671730463484185,14.665700975671792,14.73089009629075,1.873617286919027
-0.03657985416553083,-0.03657985416553083,0.16352347485604554,-0.029980739449707958,-0.07203722243798036,-0.0054234972838613695,-0.21103636203482973,1.2883892118246678,-0.5219715415963281,0.7904280709546693,0.034922523318798526,-1.3392367038921031,0.09525895669895698,-1.2836777295864115,0.25003158250270535,0.3131650450464463,-0.9514163674701663,0.7688367513345462,-0.06621209458925413,-1.4264205975100204,-0.6550535343037701,0.31867819412846665,-2.56455552682858,-2.169815466678088,3.9883223539539823,-1.78792930758329,3.6752477764240963,-9.111552629802144,0.5283930645947396,-11.470262568436796,-1.0244346419278116,-0.1430778114698973,3.5008374983817343,12.496637701720843,0.4711625998110635,9.15938753819041,5.195713187121511,18.83126109786618,1.872075077753674
-0.03574430075119703,-0.03574430075119703,0.16459592383434407,-0.03346173669259909,-0.06912029582509063,-0.005652939065538333,-0.21564606250615567,1.2893224770168614,-0.5203716744992486,0.7820783530905852,0.028166447978870825,-1.326187826887639,0.09035838225113796,-1.2723001287860085,0.2199536764995927,0.2900847154799456,-1.0189041809904658,0.8737199169870756,-0.05617886202017646,-1.1074564982522785,1.4669666049543857,0.6162830361289325,-2.133971850915899,-1.5732430178049173,3.181396304083653,-0.9685233155165108,2.74111768692567,16.60471119276402,-4.658032222782837,-5.524650036039015,-0.1244183305072869,0.262175602195156,3.6592385798307263,-13.448669199595855,-0.05658135933286301,16.85702713220444,9.010102453793941,26.209730808253973,1.4039708023798332
-0.03544652016468868,-0.03544652016468868,0.16505905626079,-0.035113227134474935,-0.06776818964545747,-0.005760142209721244,-0.21642451437852694,1.288717662052302,-0.5190559019137293,0.7786686624216576,0.025998133449505516,-1.3208185195891244,0.08993382250275891,-1.2675851622109955,0.16558021183727628,0.30268110590592157,-1.0820346059097776,0.8866920927776774,-0.07455590436594946,-0.3038625648485524,-0.24587783689981943,1.067114409822133,-2.122369105972857,-1.2558543684732302,3.75905386797876,0.4318313587395316,3.2847565101992253,-22.76449307571709,-3.138932304869493,-15.11012323914059,-0.010946230834639192,2.4670432995233815,1.7399399313562847,5.841211265645202,0.0035024688096849943,24.443291542542944,5.246002080560344,19.50381898163902,0.22784108082002955
-0.03504751119532548,-0.03504751119532548,0.16660065481356934,-0.04072890702601248,-0.0632182640646587,-0.006161389409985007,-0.2146113347648241,1.289320254933271,-0.5104784251080178,0.7696261235690798,0.022643830879213053,-1.2996371592844305,0.10290345851345567,-1.2476842310629133,-0.003056605291796485,0.3262241338915624,-1.2187923720741263,0.967588444522228,-0.08183755552414136,1.0803588666722865,0.4260119838525525,2.4295825530294075,-1.543252314756976,-0.02192112565955028,4.606349987216543,4.852379627454458,4.845128893503091,-30.912021176254463,-1.315169246492483,-12.638261436563557,-0.0001136158948805456,12.736287736788869,2.048539398753898,9.719149881641169,2.8982251711154837e-05,42.13719662103802,5.134859660847082,24.535363676005645,0.025700877589144768
-0.03527745773391728,-0.03527745773391728,0.1677866320921207,-0.04527933692127509,-0.05969717894336239,-0.0064188737784886775,-0.20878693253442066,1.2913201641962575,-0.5001280832167134,0.7650406174308219,0.024678047843336395,-1.2838056620351623,0.12575858003145035,-1.2284432678897377,-0.12666709596858172,0.3415998922744884,-1.3487875366317303,1.0141458866448276,-0.05930844467181362,2.219573837400024,0.6659353936981172,3.398109672060376,-1.0261143521259954,1.2159145797099364,4.163479076691772,8.01631792587052,5.996111314147615,-21.56316569025557,-2.246401051201494,-8.66285302388611,-1.2266019261266987e-05,3.6305565811470455,1.3548223845549954,-1.037596069564299,6.425594695790883e-07,25.300821891937634,6.391125405286391,29.65216713789498,0.01165002332845476
-0.03547800508627118,-0.03547800508627118,0.1683212544191675,-0.04740648481045646,-0.05796652100332676,-0.006513377690676804,-0.2051617788277004,1.2931683222646972,-0.4948047080143718,0.7636231442359623,0.026493315353992148,-1.2764354405689844,0.13831994305564072,-1.2180235012531055,-0.1323793773438877,0.3482094796812698,-1.3852037993221598,1.2163086034216621,-0.05995557719918722,2.4580640502631814,1.3915464343226132,3.4880235198074168,-0.7367797449404012,1.194945708668908,5.1422779230729025,8.19214592076625,7.431204940910226,-1.014991244462687,-0.6186662824587255,-15.228989657185277,-6.394928829993665e-07,6.365578778989681,3.1256477879850855,13.185779868999711,2.768493332864358e-06,9.5090763860126,5.2025538043032284,33.70034527027034,0.010440378057669952
-0.03617329240866867,-0.03617329240866867,0.17007873572060447,-0.054457377682368434,-0.05046128633294634,-0.006803209623339656,-0.19140352955399084,1.3030609538910398,-0.4768177236025266,0.76282804813254,0.032903669573968314,-1.2461336255758932,0.17975038405514565,-1.170572064086566,-0.15143357089410298,0.3691089419759782,-1.5024465315678324,1.8471940756104341,-0.06015194161867512,3.1367657725375326,2.644971391215057,3.8632382428267684,0.4227504914215809,1.4502747541171133,7.087420035025197,8.705215566880685,11.947113515794879,-3.4072396456855647,0.8539087079358654,-12.648815956736177,-1.6897701561550266e-06,3.953846493021949,3.4645312861175377,11.684577516629957,1.178377803068894e-06,6.97520542133041,5.1723230744992295,38.65180224870242,0.007327230943231536
-0.036735262403944806,-0.036735262403944806,0.1714151742026985,-0.0599949684985159,-0.04309395023185241,-0.007027245865858095,-0.1795188652265453,1.3140524052803764,-0.4625721073893621,0.7658813831540934,0.03854285186139444,-1.219274047792145,0.21122371979471305,-1.1223071899001473,-0.1651043850379182,0.38361655035421194,-1.6216732796912117,2.3025609602404127,-0.06698465447529517,3.54632783496986,3.545386489112809,4.165566168493186,1.3027419471091863,1.7410875580553313,7.968520103504479,9.015004073390589,15.243795749358082,-3.921404363029998,0.23331955332656884,-12.946119090932157,5.30066891836576e-07,2.5153297461472257,1.4834319170010577,9.974289739375752,3.8800380038864386e-07,9.200726825853453,5.526335526690622,38.96602066345628,0.00558261521791544
-0.036994508852060716,-0.036994508852060716,0.17200431767588775,-0.06250971072376893,-0.03949028976603892,-0.007130436040928662,-0.17392817770306063,1.3198948531533865,-0.4561398230095956,0.7680042924190228,0.04151158888470122,-1.2070603499586574,0.22531321163691923,-1.098358000506159,-0.16858261725948753,0.3762902600085944,-1.6147838979853715,2.343899018785495,-0.06828883104276817,3.645743858419096,3.8492227368234837,4.138394878330524,1.4424143478223999,1.867256392498795,8.04963758999785,9.156850551714864,15.633068163379619,0.3602916098461071,-0.14947406433934574,-0.7272154584550381,4.246852356656894e-07,2.336444101155899,2.15304507738996,4.641917583415028,9.804740974802759e-07,6.410870570805141,5.201311957182853,12.560931848405055,0.005143264485730304
-0.0378422565502667,-0.0378422565502667,0.1737898710124237,-0.07036630777400094,-0.027704295895366746,-0.007480219328995114,-0.1555283734122179,1.3399638078120524,-0.43600336034980963,0.7762955021521455,0.05019958407487139,-1.1659343910236961,0.27119704415929724,-1.018852414815866,-0.17758274054409662,0.35250939236450124,-1.6012884075556544,2.467406468476468,-0.07270484458199503,3.8534940268418945,4.337030645917704,4.085214642337936,1.9565828974511874,1.7221604575310228,8.588334243124041,9.566387656243949,16.82868716487256,-1.3647373379578993,0.6540840354919939,-5.459099220934929,-1.0377309898586609e-07,1.0959380332261444,2.066304294740957,2.4283787358578457,4.863770344185059e-07,5.279266874140075,5.158393099999241,11.450056262948886,0.004007781135386263
-0.038484767577651506,-0.038484767577651506,0.17501000608265285,-0.0760837354272344,-0.018786598819230647,-0.007733708350573069,-0.14165049825735457,1.3559507960995336,-0.4215504060365823,0.7839847600558458,0.056371077971424655,-1.1356164006880463,0.30563935209947746,-0.9575423543852053,-0.1843820831793773,0.33471341689446926,-1.6238679053081981,2.555765730863556,-0.0691374040541705,3.9573644337352145,4.6648249255919705,4.057665939178982,2.3821905374022503,1.7765917591297784,8.410125730439786,9.83034241449029,17.709193415789255,-1.7079268702313428,0.5109646574609799,0.2734463517080963,2.849845825360787e-07,0.2598897403950866,0.6047919661713121,-0.30049071593876686,-2.3296043270447028e-08,6.043262548726931,5.710912851858991,17.531556767534074,0.003370978104667171
-0.03876969717104263,-0.03876969717104263,0.1755210790472152,-0.07857463234685608,-0.014831891508897094,-0.007839998223805853,-0.13549911810609794,1.3633029010659168,-0.4153582557826696,0.7877338209014905,0.05926228861165227,-1.1226623073030686,0.3208647635095838,-0.9300870749112923,-0.1829084698882451,0.32431877686933935,-1.5950444359242495,2.5434617485755147,-0.0703508297145628,3.9689360016827537,4.745407313211428,3.9622528455081993,2.4268817300122323,1.8349680369741306,8.36367464664319,9.806885961448165,17.704177095274993,1.1950178855071603,0.11980094357554094,2.765605756716301,8.432121576015372e-07,-0.6217568352720901,-0.10881382066751955,0.23318339729015403,3.427272015396176e-08,5.422413433624795,5.226402844469545,6.225106379019593,0.0032414100857373705
-0.03965221532013764,-0.03965221532013764,0.17702678206085065,-0.08622675476058014,-0.0024800248183159033,-0.008206815050785484,-0.11613380961500512,1.3867504010434837,-0.39647936470571193,0.7999944895275908,0.06781374208733192,-1.0819708709155906,0.3687046409025398,-0.8434001672103931,-0.17733358712520267,0.29020641439147493,-1.5313064482243224,2.4994404291062873,-0.07852070840722147,3.920898275231216,4.849165976933207,3.737805967956634,2.6146782998030282,1.6595515988208884,8.183343830943674,9.722609339321139,17.68595302093973,-0.0852144132014152,1.0752396746279012,-1.4095470558441623,5.527505805191964e-07,-1.098172924968234,-0.7504676999540485,-1.1492759019478131,-3.901248742420923e-07,5.262414679699133,5.166330635619039,5.361998576643113,0.002891794861159802
-0.040274412298317325,-0.040274412298317325,0.17801226825377528,-0.09159531751372128,0.00633918605215778,-0.008491072467473678,-0.1023661457674502,1.4042278243403663,-0.3835383424287514,0.8097265691645152,0.07349978382597284,-1.0535210630656329,0.4031103803280309,-0.7806275113327282,-0.17312621705403555,0.26482514927001044,-1.4940542586609724,2.4685592153039395,-0.08113866776950496,3.8260035218709834,5.007501186717032,3.548073275771437,2.8863908353404484,1.5451797118754573,7.808172964140439,9.65756878493267,17.674027065998295,-0.789922813068449,0.5643595777828092,0.9109484499371743,1.15628322730401e-07,-0.548276584681505,-0.4194393540986885,-1.0970079990372643,-1.2804282036764977e-07,6.12292126896711,6.296461402736386,7.7507531672301955,0.002685764981638325
-0.04053442239882336,-0.04053442239882336,0.17841743241814784,-0.09388062449645042,0.010154768095397986,-0.008616812394621837,-0.09648005009419493,1.4120340119005568,-0.3782679414957063,0.814324810501622,0.07585087140926589,-1.041446244567448,0.4177552017212422,-0.7531816994836712,-0.1626968722621713,0.25778766028998273,-1.4566710061129562,2.4523203060516714,-0.0801375481722848,3.771344221263593,4.997300854774765,3.4030027682331023,2.845483030095171,1.436173884065008,7.821068704738363,9.235151691550877,17.729134289261708,1.9685284966975363,0.3909399878136015,2.2825256706187886,9.710772987741537e-07,-2.1365731114575257,-2.541831081427349,-1.6437865094296746,-6.607847796620287e-07,5.518203868891322,5.306983532648609,5.4221208754604495,0.0026839798401272737
-0.04125316477892023,-0.04125316477892023,0.17962540811896927,-0.10076157401439104,0.02204583386375756,-0.008991537131528624,-0.07848995059794951,1.4360190747718289,-0.3619391587767028,0.8273826924698506,0.08165637220932141,-1.0029405205153963,0.4597177469103143,-0.665793706569364,-0.1305784570486505,0.23530519620744916,-1.3542540846315267,2.403633818995457,-0.07237278270685656,3.557517037447914,4.807064908362259,3.200828117183143,2.6369652255910148,0.9355344406444328,7.848142472911132,7.891410295792554,17.96240744703518,0.8366056425581055,1.969140973893519,0.08429011796454322,7.286936804167888e-07,-2.4203856742107352,-2.391717690193026,-2.8290157932880486,-1.0995273223245432e-06,5.220167162478427,5.245172412534451,5.220253476707138,0.0026661604379408315
-0.041674601951242875,-0.041674601951242875,0.18043158476145102,-0.10544833572456673,0.030525596306862416,-0.009235814100377132,-0.0662231832580277,1.4529134229749046,-0.3511917476153033,0.8373447923290231,0.0843431563252578,-0.9753309559569854,0.48598119771005155,-0.6016289326106362,-0.1067380309658735,0.21878146688644903,-1.286735586371377,2.3737709373811455,-0.06498119593129796,3.344168993219515,4.716078910766019,2.8204232508280365,3.0543028866658357,0.57878151483467,7.677685213437598,6.9003714051146074,18.189733053978248,0.06493505204619532,-1.5954364898287214,0.8764821720609219,-1.9235732653607746e-07,-0.7440317235206648,-2.908761865454616,-1.8041219837517035,-2.499798223620439e-07,5.7313180907961625,12.17876506659589,6.740126955910625,0.0026415474012353945
-0.04181294045470928,-0.04181294045470928,0.18076928570675402,-0.10733020572689696,0.03408662998957631,-0.009320611126022138,-0.06130966601141403,1.4599322873298368,-0.3471614832382685,0.8420070612249159,0.08502126564097442,-0.9636824752138607,0.4957316783321116,-0.5755285744958986,-0.07198852759921368,0.21759150471850844,-1.1624835566866718,2.220569722075807,-0.054723861586593744,2.9743166184759007,4.3049777065520916,2.521832289774583,2.7062095451510424,0.2535002141162835,7.3464841041408135,5.620031571194436,15.80705418489409,1.7059263276794643,3.3983459533183167,0.8220712752482663,4.2697762946187524e-06,-2.6408517818222474,-21.1902204391522,-3.3432122297484144,-3.2293570291009373e-06,5.2854149084455475,23.884132368680444,5.3058015415920154,0.0036203731496534026
-0.041897341489160446,-0.041897341489160446,0.1818319647075657,-0.11222278221054803,0.043801007112412485,-0.009572618330808292,-0.04983224127911163,1.4776726037275645,-0.336531212647667,0.8514229210062976,0.08345585955495705,-0.9303777378200944,0.5131439479970535,-0.5147403537872631,0.03776873403063759,0.21623442824297817,-0.833433259125129,1.7474844388892834,-0.0455820213909227,1.698808035824549,2.9505044156949904,1.7365891758044678,1.2638439310829215,-0.886619379547242,6.232589174318416,1.5238368475902073,8.891241884673668,0.3506407829337215,2.517493538236738,-0.5963326766085858,4.950345166726024e-06,-2.833052391700336,-22.76277059629927,-3.907229073353217,-9.930760965335805e-05,5.184616440103342,24.95066857088589,5.201195485487166,0.01712222576929723
-0.041620673228779596,-0.041620673228779596,0.18259789794954023,-0.11475012395950984,0.04940924734707558,-0.009707950867206497,-0.045513331491028645,1.486480299498869,-0.3318415525808049,0.8547760239007903,0.07887511590220223,-0.9097823770135147,0.513486453204815,-0.4927476298250851,0.11820271165551642,0.21520952731014176,-0.5894449988959041,1.4127767622304466,-0.029297846259708053,0.7274576514745527,2.01770797055469,0.862354065952768,0.6911622995410919,-1.6905827991235816,5.359557187328709,-1.3123424996609308,3.4350588266187323,0.02750248228043528,-1.1161655294999795,0.4234848463149503,-1.830759971841422,-0.7087635043703087,-19.25335476079823,-2.2467063378514904,-0.49073252262274536,5.49185221797575,31.370896116712437,5.994173732333174,3.6969190854943963
-0.04144950743280988,-0.04144950743280988,0.1829343849146464,-0.11569146204279272,0.051446232648826,-0.009764221749503154,-0.04442934847934348,1.4892628093439217,-0.33063270126096106,0.8557892966705442,0.07633412936653795,-0.9018356701029423,0.5120013466536725,-0.48607785813931786,0.10143495809663901,0.21886993461299287,-0.6276564496201457,1.21639616766067,-0.03850842654149149,0.7063333580808016,1.5206020267067732,1.0000959972242833,0.22946135615938668,-1.5929714947580962,4.9352978496836055,-0.5992050444410036,5.181925489362302,3.399167509270944,34.46928007975399,2.9426182788059965,0.004799882362646168,1.6202204349390459,8.457567662251861,-1.8812738043756412,-0.0011286221322756758,5.417850413689692,37.778335426697815,5.22858215308265,0.08997711883801796
-0.041086813811795894,-0.041086813811795894,0.18403372225368875,-0.11905845995545762,0.05588603456832652,-0.009975386834333062,-0.041020018702943965,1.4925781777582197,-0.3233090399814445,0.8516612726915045,0.06920688302529282,-0.8808261934801183,0.5145307110418199,-0.4472161078001054,0.04732082533723455,0.2296872092416129,-0.7429096874654106,0.5942306872126982,-0.0458702849611596,0.6602882995102617,-0.15055334321380487,1.8365771795745873,-1.7113566355561647,-1.321799256923898,3.606332883511317,1.61847438523342,10.660098266708697,2.775596571009322,34.926822620153395,2.0291290621211133,1.5978945716656288e-05,2.5708046343097193,9.4360195551407,-2.6260264571466423,-5.857256181060911e-06,5.259419368590253,37.551661730444636,5.154788408859498,0.006507952947533012
-0.04098449316354346,-0.04098449316354346,0.18486174089928364,-0.12182152449115559,0.05718441100366805,-0.01013725047322443,-0.0388793453531698,1.4899882896271681,-0.31658906090960387,0.8442522202699578,0.06483360899563378,-0.8699346928531222,0.5230540359628114,-0.4024520134807557,0.010677032072826746,0.23660624795438026,-0.8114191780744818,0.13613813086477386,-0.04434667028728113,0.5322987009163384,-1.2996335617619117,1.8683142667494184,-2.3553404266156135,-1.1443339042632779,2.5102208272390087,3.1757029263305627,14.543292413295779,1.2617669930690907,25.822256383162856,2.073638220263307,-7.441456553946516e-07,1.1577866478071688,13.273599381297853,-1.5640216639043834,-1.7689859628587483e-07,6.395719946947674,50.92924148025349,5.88337393133307,0.0027278375164488935
-0.040945846159247776,-0.040945846159247776,0.18523194648034144,-0.12300092331789489,0.05722168035692815,-0.010194869216645723,-0.03839284266605747,1.487729906473623,-0.3138740404471494,0.8400714909085625,0.06292819385981563,-0.8664762219151864,0.5273044093639262,-0.3819864291881822,0.0389832195042526,0.24094287188060437,-0.7112959414281389,-0.09063032739641273,-0.037821956866316016,0.1351767528148168,-1.9000772791145646,1.7683179780541154,-3.1711429923406054,-1.3534328327295388,1.966502472325302,2.2131778185946325,12.061018707464996,3.876103111398154,9.668871804932696,1.5783285198459605,7.693779233724227e-06,1.1656741647954627,-23.34188021090182,-3.53970712671148,-4.016236941453352e-06,5.561718140188963,34.44003537886119,5.280960623984722,0.003768290323670606
-0.04053598671875057,-0.04053598671875057,0.18644775133708383,-0.12581047919374985,0.055011499618658304,-0.010389084332054745,-0.04077526168251952,1.4724797135219605,-0.3056839258167506,0.8183455929235994,0.05440828130222797,-0.8611873613689139,0.5302860945580415,-0.3409808118941646,0.12854014520148654,0.25567118329628497,-0.4494857132026784,-0.8103199529556672,-0.04126413502696926,-1.151248639763962,-4.182580151243494,1.4605258085926713,-5.518783574971399,-2.1188835079191093,0.1526549749197757,-0.9472760475944487,4.607749905834614,2.473924233350723,8.096688050338129,0.3885884219293346,2.9409355874793382e-05,2.375372279937636,-27.795513365390775,-4.134872483218006,-0.00014092597848166816,5.298451869359787,39.603291445393225,5.1522737177764535,0.01930503369749407
-0.039963240389345296,-0.039963240389345296,0.18737597355406815,-0.12714845167130112,0.051216235351858576,-0.010538865879353349,-0.046766663276745765,1.455512573004257,-0.3015512774907903,0.7967589770786497,0.04593424451766313,-0.8632081209574333,0.5231349356425018,-0.334620885546926,0.19419201195313696,0.26733436711383435,-0.3114340803816165,-1.3268398505812888,-0.043001668482604956,-2.246528420038844,-5.2997790240898635,0.8071158257772034,-6.546589974517966,-2.6514248585456017,-1.3119637747747672,-3.05542252713014,-1.0628718693124308,-0.6455205973855467,2.6031538012172666,1.146620057012913,0.8809181994717821,2.199671309140557,-24.958472826062504,-2.8824366781568522,-2.852555234940186,9.680628907390693,48.67968457996845,5.9869394929870285,6.296342188656738
-0.03966113551381926,-0.03966113551381926,0.18779374477842298,-0.12755888262255574,0.0490543742564001,-0.010557389759288821,-0.050348609558316666,1.4467641018538044,-0.30018286833941515,0.7854826276242189,0.04183347918891853,-0.8653978599872082,0.5187590682081917,-0.33702315701873525,0.19630669923672273,0.26933499689950524,-0.22537693178288992,-1.4670162769250448,-0.02067285693136072,-2.3419478139640386,-5.95771507454161,0.9451747776362467,-7.448299670024807,-2.6971930235266752,-1.5295856758775008,-2.792062066742008,-1.7030414134040717,16.353344610470764,0.976942422385937,1.3975386185736647,5.111197637119036,4.3312422336781795,-3.311635144411074,-4.029677792263864,-10.926052990223637,18.99136665945191,5.144857802205638,5.205745179010939,13.137598912532846
-0.03867548477131305,-0.03867548477131305,0.1891145847816552,-0.12817456708879865,0.04075771933945113,-0.010746805461242152,-0.062436489370108914,1.4136760330055749,-0.29536341796113164,0.7470151148149695,0.02788945379706278,-0.8749215763884587,0.5060135552601527,-0.3484515160315922,0.20628219080224375,0.2703635745703923,-0.04463563164634815,-1.9176088613269775,-0.0493798115967225,-2.6119639594388087,-7.398391653842957,0.9013825198853054,-8.141252614127923,-2.98292312218245,-2.39170035965166,-2.339009713101185,-3.072053625724993,18.03988995298974,-0.6172055178678311,0.8738716775777104,4.87871272826594,6.4292985126348805,-13.928453072906043,-4.40508466044304,-9.577858295986886,20.560630858024158,16.862489213601375,5.13906093502858,11.416699304799263
-0.03792910647882723,-0.03792910647882723,0.19007851466337314,-0.12820732927441705,0.03338363907010221,-0.010917410387265694,-0.07216677987986214,1.3864247967758607,-0.2929119474688013,0.7178748578465814,0.017002547493948618,-0.8847128497471155,0.4987054664156035,-0.36174703263156754,0.21425657583115976,0.27286328175617974,0.016379247587001114,-2.2349085378477977,-0.04290009715229371,-2.8791115575196233,-7.8723523621947535,0.4159864138081491,-8.213165787876733,-3.143094232474702,-3.141180015943931,-1.7396759524360783,-4.474811311924832,14.623688913447431,-7.506542413060637,1.2327739875133035,7.986338453025114,1.0539824334320125,1.2953061281565867,-3.4281476159041615,-20.256318231256518,23.421761975643566,18.84743084332344,5.715185213995343,24.387956061433503
-0.0375985122638007,-0.0375985122638007,0.19048795161751259,-0.1281820414275648,0.029954395655983863,-0.010966159750616612,-0.07649299650708787,1.3747706737353311,-0.2925640305476484,0.7065780980887193,0.012284713468689774,-0.8897080765218315,0.4963042864974482,-0.36879483397120577,0.21298568447943103,0.25531224885686615,0.03289697127416699,-2.1932101418621723,-0.0204356319484867,-2.717767602702871,-7.426988745272348,0.018685088105079135,-6.400543305493021,-2.9777131538606825,-3.254222908998406,-1.4620571150333717,-4.517027634439863,7.387187645623702,0.3893335355655497,2.6074189170573243,4.914619618634978,1.703827173121513,0.0814910680853494,-3.628277962774444,-5.954922598238351,9.10246415991789,1.1108164788431258,5.191155652305227,8.508065528947625
-0.03655611942966094,-0.03655611942966094,0.19160182517765653,-0.12770685388592026,0.019484446662056374,-0.010913098071734838,-0.08885977316216982,1.3392222280137402,-0.29566441802128357,0.6887700961475179,-0.0013293349674263777,-0.9063386457571835,0.4903681742747213,-0.3909509269735743,0.21296522398531148,0.19920797252849543,0.16997739120898364,-2.0829070833564973,0.03943544160289243,-2.3578490321098133,-7.170335902941576,-1.2856359143204883,-0.8935935726313539,-2.5853450029908,-3.5637517896802566,-0.9789809170183407,-4.600658579469295,4.714874181793887,0.0016903691415792906,1.9184065596223172,1.438429191332829,2.127770427167163,-0.0003408543124146391,-4.063389050304623,-1.373314870599977,6.028732251171409,0.05019157053773136,5.133309607290085,2.501482113987509
-0.03579774517547735,-0.03579774517547735,0.19223568951464257,-0.12687614419340476,0.012220804981826533,-0.01071129395070805,-0.09692226241561455,1.3136090362069743,-0.3019142286960012,0.6925449870636766,-0.010033258383322315,-0.9195535901497366,0.48741289543510896,-0.4078082391595258,0.21443441604954241,0.15773354460828026,0.30262506934436784,-2.0096317811054405,0.07284219274663871,-2.1978759902504303,-7.302064915633116,-2.235521037970783,3.00735545748296,-2.3202725097078845,-3.895226292742825,-0.6949861431396035,-4.93313524284023,3.9989608479841428,4.974316727231632e-05,2.0549690059446366,0.7475182912710547,1.856916556318436,-2.6858915149428723e-05,-2.9263208258925797,-1.6528890269472183,6.859020533483849,0.020944197180013127,5.7678514280182505,4.2355294774366445
-0.035479379036520854,-0.035479379036520854,0.1924704104042781,-0.12648721250044023,0.00915573378836306,-0.01061466841514299,-0.10023238740743966,1.3029311252208156,-0.3045700655297227,0.6983911104583336,-0.013425202181159626,-0.9256517435058571,0.4862924413802421,-0.41542038626486,0.19563741739549362,0.146057573761833,0.19099729128875617,-1.9445815305155483,0.052411972216442275,-2.055724466056342,-6.598376020463137,-1.1774935384646297,4.510200646684406,-2.079896702546828,-3.88459386558388,-0.7134085540306592,-4.722223155230487,3.638443710154454,0.00045491924290328627,3.9651090515848377,6.364589780378062,5.919057974828426,0.0001274851770617009,-2.1708946858096243,-1.0011602728378661,7.553325584571426,0.012029740765324034,5.240890810779396,7.003847703068685
-0.03466982475605769,-0.03466982475605769,0.1931005805469994,-0.12646552397777452,0.00013071960248917794,-0.010525525616479054,-0.10912909360767621,1.2745413250757895,-0.30203507687692915,0.7320780964120861,-0.02189500635116328,-0.9442791262107005,0.48290592215213063,-0.43610201608259863,0.13504154233131144,0.11075384695321909,-0.1802348938453845,-1.73947555989995,-0.018233800030593005,-1.584203841940251,-5.073508667720809,2.214939173124687,9.264350671599232,-1.3698290552768881,-3.773665355958664,-0.674461916184885,-3.7901029760545057,2.8795350534350215,2.0975176732835948e-05,3.473720846387464,7.175847448378949,3.887661901976956,1.1588208340577956e-05,-2.914089707461608,-1.422682493367252,5.224031605950094,0.0039016619218775646,5.195390356976696,7.740622128177907
-0.03426729250796899,-0.03426729250796899,0.19344578918314587,-0.12757215621616244,-0.0057791806634448105,-0.010693834127943726,-0.11419217407385497,1.2580214317300857,-0.28979164231968685,0.7712133243951372,-0.025798890093574528,-0.957842033808407,0.4805308374090078,-0.4487550326099507,0.09179905273809601,0.08346324348855452,-0.44212816529370025,-1.589362870216726,-0.07773732181192278,-1.2719562838725558,-4.275100992897145,4.683114876209698,12.792000605531827,-0.8249939099185684,-3.894498154684307,-0.6662213020714958,-3.3736209006701454,2.306955775297248,-5.291554585885828e-07,3.775407535701561,3.8873094797876653,2.836646859594839,4.307197308520052e-07,-2.592538362272551,-1.167216482917859,5.106707269647748,0.0023257708583268397,6.588576530880333,6.102256267325608
-0.03412340262812009,-0.03412340262812009,0.19356630753538115,-0.1282277531750189,-0.008253674193688674,-0.010813296867615299,-0.11616997382670248,1.2514103775380379,-0.28259482714351614,0.7910189412194345,-0.026992372029884856,-0.9640853929152244,0.47966990949686095,-0.4540705363372707,0.09423546963641496,0.07188960397228734,-0.4111473909824667,-1.6041808821977372,-0.07710969072107818,-1.2819039161770633,-4.2685919165449535,4.59907210561264,12.742068811825591,-0.7747696042139072,-4.035705495603406,-0.4899109794532579,-3.449998230937905,3.9173493623565068,1.357754924021621e-05,4.185325280107523,3.922233625074902,-1.6040328758312343,1.0806417405307073e-06,-1.8485074214339987,-2.1990218023851704,5.082775706595068,0.0024070198835696543,5.427902481155327,5.5083470163536825
-0.033639222841065804,-0.033639222841065804,0.19382711076304038,-0.13008077467877693,-0.01624229745727923,-0.011180054093288348,-0.12260140278777933,1.230412603182591,-0.26073630337118375,0.8529261225947155,-0.030738367797504555,-0.9845523740359078,0.47834126685212636,-0.4718452462908692,0.10348105867989567,0.034426583261520836,-0.3483846085182691,-1.6574628370661746,-0.07076301932888869,-1.3520155377079006,-4.305538275372233,4.3224216706340055,12.527149241963835,-0.734756158208319,-4.406108135522885,-0.04320515405988883,-3.889649729283372,3.3451556420428754,7.1507459101412e-06,3.2500652638292897,2.2867840534539208,-3.032536238065756,-4.5745612301009405e-06,-2.917695912628351,-3.8021149659335487,5.0515864601585125,0.0027035288952681146,5.265804634803371,5.318605866340646
-0.03325962539063292,-0.03325962539063292,0.19390024770143152,-0.13125436407023244,-0.022197413244336942,-0.01141251193034429,-0.12753946329513088,1.2150677755052397,-0.24575811162818922,0.8971028249668211,-0.033182461807538234,-1.0011663507328916,0.47881584171464026,-0.486697165902417,0.11037271125929474,0.006689312187753678,-0.3142938635458146,-1.697208697882991,-0.05920582469305096,-1.433950215620209,-4.3391518427689855,4.113622732357297,12.355309459211258,-0.6316158171986416,-4.997813340442843,0.3154177977023213,-4.520103793568645,2.7620311715948556,-1.989171441406628e-07,4.1182986678600075,2.027749873988836,-2.241543816768703,-2.322144792916937e-06,-2.6894584917423576,-3.637061590698579,5.145451540224128,0.002968011982642084,7.688109285832909,7.062859078306396
-0.03308314535873291,-0.03308314535873291,0.19390220273481149,-0.13172655121202848,-0.02482176933740055,-0.011499574428551578,-0.12981241999968085,1.2084909985617525,-0.23953913311224842,0.9162052241392137,-0.03395469730621168,-1.0094666250909166,0.47935014501857875,-0.49378315090523456,0.11810018214618871,-0.004325262479975176,-0.2953167761372382,-1.6929162714490005,-0.05976981145445883,-1.515664098322187,-4.1736408422536195,3.9045983627628407,12.27211575018218,-0.6276247225709007,-5.130662187094149,0.34424906891551965,-4.572271221608882,2.73370036937041,1.6133330675158035e-05,5.056836078549164,0.05836045531900358,-3.6647878554515336,-3.1285878520906016e-06,-1.24092762003339,-3.644689937654504,5.065562447427349,0.00314734519163152,5.9828982511860875,5.311813377341758
-0.032439946184459285,-0.032439946184459285,0.19379425103888887,-0.1330533143655252,-0.033115097448113695,-0.011823180119046645,-0.13802816240454177,1.1890992619463177,-0.2220604069248122,0.9755514205745407,-0.038288550554094206,-1.033167159152358,0.4810905691448631,-0.5166402527971939,0.14423469788325577,-0.039791648290928565,-0.24985567436838405,-1.6919688391644725,-0.06843098920988647,-1.8416382230428316,-3.742758868577502,3.2304398505614795,11.950865811638941,-1.0259205605128605,-4.8568472403232015,0.3754805251853776,-4.824849313476275,1.978050171246449,1.1468449123078076e-05,3.750922013382872,-0.7928403859511798,-4.326008518066299,-2.2082400657170943e-05,-1.7975133607548646,-4.251091503559112,5.038893655468066,0.003836394470748476,5.5703383316292925,5.2668223051579215
-0.031895646588567514,-0.031895646588567514,0.1936070768785373,-0.1339021102788504,-0.03911634965352593,-0.012054900819347852,-0.14500485919470527,1.176366339012328,-0.2114616434888622,1.0175411040203257,-0.041780941262361614,-1.0518441545916681,0.4825165911820761,-0.5344722749061689,0.16223756502591805,-0.06566750781677964,-0.23012133908056084,-1.6880852403830673,-0.06004303470175199,-2.090032276856241,-3.429560495995066,2.739510102644388,11.69926896427298,-0.8805463736299811,-5.82767067580423,0.43263145917595747,-5.254451819493801,1.5442018752056852,4.5686197270135634e-07,10.147354345307322,-1.229750928502602,-3.893250891622051,-1.0648577978580398e-05,-2.83191999952442,-3.600625254187663,5.1109097536502555,0.0045011766526232766,16.87738725401728,6.747537075741273
-0.03162249614720608,-0.03162249614720608,0.1935026569779361,-0.13416307851652196,-0.04171979441594793,-0.012139513800093489,-0.14837015167399178,1.1709927917069773,-0.20788328746440077,1.0353922432443827,-0.043304817019238113,-1.0609847489723214,0.4832328536544451,-0.5428262002803791,0.1907698423415129,-0.0689954938297193,-0.10942590724401415,-1.6738217765588888,-0.04860945070882826,-2.2574592513598737,-3.5227263394473853,1.8695424755369137,11.31466856859778,-1.2648337852760194,-5.577492334129735,0.44010539620049455,-5.470504120757144,1.7340488921634465,3.171205325288272e-05,17.561355566812697,-2.892687786930163,-4.466971390159377,-3.429021205582686e-05,-4.022465626401176,-3.789488203000752,5.061154933560806,0.005373143851130242,20.14742973138253,5.671874504611172
-0.030464742686134454,-0.030464742686134454,0.1931407944210526,-0.1338295985895491,-0.04982975043147034,-0.012234464724319025,-0.16073531542889768,1.1529013246870734,-0.205524215215508,1.0875513559899503,-0.052781605837417,-1.0854822055277207,0.4851350277217965,-0.5712933216963253,0.2814406878416116,-0.07847312515964824,0.23906920859258182,-1.6357325642328,0.017739116152512415,-2.7842421334820098,-3.855403923120844,-0.9088116086825282,9.948177680758683,-2.4358508633520692,-4.7478349251721825,0.34952154058186286,-6.211304618704323,1.3834353091945863,7.002956458938272e-05,20.687574933053348,-3.6726326162900467,-4.631017131812086,-0.00024598029820445573,-7.944404969620087,-3.576115106638552,5.037241114237214,0.01056901379358701,23.522540537766393,5.71149007919845
-0.02935134841395723,-0.02935134841395723,0.19285147602592956,-0.13256961188981334,-0.05558086107084804,-0.01204093061259745,-0.17126216710512635,1.1388286256047047,-0.21233909935095094,1.120936703100716,-0.06197386081589705,-1.1031284201918299,0.4863342695190646,-0.5946440979915933,0.34550232092254546,-0.08436257326870965,0.4672667570807464,-1.6031703558607924,0.09542449306359904,-3.142188505064207,-4.067704498293707,-2.9312464272647616,8.841472231009783,-2.653793685333447,-5.362597615822366,0.3328744291758677,-6.97376973402637,1.1102108169138005,1.8754036671085605e-05,28.954628937407207,-3.4058748801049523,-4.085841173618827,-0.00023470172186585998,-8.151729393394849,-4.41969682538432,5.133992505575211,0.02065492521551183,33.66066215368655,8.272658011757956
-0.028779155080011727,-0.028779155080011727,0.19274855013232434,-0.13175266278587472,-0.05800760487477288,-0.011913543973835039,-0.1763231054345999,1.1323601900836773,-0.21693613295658248,1.1321265847888315,-0.06719648479737578,-1.1098768370888692,0.4864604403752934,-0.605222115357587,0.39171681253547197,-0.04751112784206535,0.5683413348037739,-1.5185604043332694,0.08953260031204897,-3.3576143663162186,-4.246278185087488,-3.0268519321533387,5.5936378857499855,-3.651558304234654,-4.030447777337972,-0.21495748986655558,-6.671012880913844,2.3453452716495895,0.00032977241170645787,40.30953954075009,-0.7391680515884046,-4.15366187968978,-0.0011929175981127216,-6.71163455596043,-3.893714390809326,5.049181076361422,0.02795504515283361,70.41807932805924,5.28601286361288
-0.026505965678173572,-0.026505965678173572,0.19280660539655176,-0.12829990194138782,-0.06473146567594959,-0.011372848673535642,-0.19425785500081583,1.1103563336016036,-0.2327371311383855,1.1344126151835836,-0.08964334821713758,-1.1243008236219563,0.48088208334829724,-0.635689379979907,0.5367895968701221,0.071012686464359,0.845407617557891,-1.2272583820549858,0.12933323077402661,-3.970043002077492,-4.744323512209522,-3.4258709646550907,-4.658961010021576,-5.539296951382906,-1.805730536465176,-2.0528527856286796,-5.786980425415155,2.2080833930544292,0.0019405515857480547,49.9654033111372,-1.3817008147634904,-4.272841728386131,-0.0034111504391127877,-9.981346676875718,-3.8446422193371945,5.030878252707988,0.04318091752553806,79.195241137051,5.198984598121208
-0.02441068636724142,-0.02441068636724142,0.19321008861033465,-0.12491795522141631,-0.06871872492263571,-0.010873159557924254,-0.20917483346806456,1.0928274809806096,-0.24542549886852852,1.1046879301643684,-0.11189379172096307,-1.1275498281598515,0.4712834030285896,-0.6552119564048144,0.643732433111401,0.15616443290448231,1.061828681284,-1.019189785205172,0.1511580056364306,-4.435741999490184,-5.133641618820067,-3.722525099162112,-12.084196828458127,-7.0085257920615005,0.00308659935346296,-3.3490647667830777,-5.220466298438736,2.069856517229655,0.0009424379292653235,42.62805336558847,-0.5336554082704312,-3.5389441581292536,-0.0008195527450761547,-6.7211693155842145,-2.0260125751895544,5.062383318039957,0.05206518223725903,70.97368850314334,5.620917037743959
-0.023407132159055474,-0.023407132159055474,0.19344865855655455,-0.12325523854617912,-0.07027235724074561,-0.01063157962418606,-0.21607951219873547,1.0848627668160322,-0.2510623325771586,1.0860586437446311,-0.12246411252698605,-1.128089800311928,0.46607248394186496,-0.6633843730550522,0.6511787321995546,0.1509419298532836,1.0793086013571702,-0.9918073415759029,0.15658656375269386,-4.460984943683196,-5.115042001307074,-3.551563170587956,-11.962333726307998,-6.912099871256729,-0.14676977929652482,-3.3832350465235064,-5.2399727922646475,4.04796450272212,-0.0007188846569601854,15.974368952579852,4.205612411369612,-2.2188744795517885,-0.0024530379789826397,-7.542818623421592,-2.481181770868684,5.046898611849077,0.03949375664712208,18.186024407147436,5.465506817224492
-0.020155294405225406,-0.020155294405225406,0.19414287921286708,-0.11783624222708403,-0.07496655611864857,-0.009842186003998948,-0.23810174601911002,1.0601168471730036,-0.26718333697470603,1.0282721003546154,-0.15741740054308662,-1.126762571650026,0.449178676698717,-0.6889442179901251,0.6764998903701043,0.1324744042182307,1.136716512361316,-0.923558802891526,0.1672649992547172,-4.536834102302326,-4.991279695508895,-3.033029178354149,-11.628560071027996,-7.299217881362453,0.5223185861269746,-3.5092610601940817,-5.251600313713717,4.3907191777970995,0.00099194144151178,12.134121973720978,4.122106653279418,-1.1910588491259981,-0.00036289448885128486,-7.366320724576684,-1.9709819092106935,5.0384777401792595,0.053887617220771136,14.989283342099238,5.19225249606555
-0.017720102915507567,-0.017720102915507567,0.19458948122195693,-0.11370511182930369,-0.07815193862888696,-0.009225509312557055,-0.25434907270863183,1.0425325080383472,-0.27730341310114315,0.9874163277125629,-0.1834976321846272,-1.124999189178679,0.4365819001509698,-0.7079302482115664,0.6953057061125346,0.11909723825100811,1.1923053675147899,-0.8702227890211727,0.18094005253237963,-4.619098417261061,-4.915985522400156,-2.66929443139065,-11.385279543169988,-7.361136450139842,0.3836489912872699,-3.5841988512262297,-5.473058252750003,3.1810766495329226,0.0018788260632753677,18.72575908594125,3.18357905359997,-0.5060998619788446,0.0010402030762472585,-7.162968061343355,-1.191376793134955,5.089515010565409,0.06855463279375083,23.829199789830884,6.090343235358299
-0.016642109815646518,-0.016642109815646518,0.19476572032521872,-0.11186541543914116,-0.07949176447181584,-0.008949855927772643,-0.26153828031935306,1.034968545246198,-0.28123744228049263,0.9700421597141172,-0.19488021925353133,-1.124445170571884,0.43112561509558217,-0.7166170206078653,0.695197961613829,0.10861951129011181,1.1834394699550086,-0.857351445436588,0.17650436758759488,-4.630565226707813,-4.832977799896359,-2.406509251870052,-11.027528891946769,-7.327717625702045,0.42855168264021876,-3.519223248093397,-5.502576253785351,4.438830335508486,-0.007111702134127665,4.258725723803865,6.341523649989112,-0.6560505176799736,-0.003765169986854779,-2.302858982384674,-3.163652875906189,5.089412432686082,0.05778241126239598,5.152515526383133,7.472920531662789
-0.013234788955448428,-0.013234788955448428,0.19521674654293628,-0.1061107233754326,-0.083597750344337,-0.008091664715839237,-0.284229492568307,1.0120152892376504,-0.2910646968032225,0.9187573443270972,-0.23063454938569447,-1.1216448623773914,0.4138330874263429,-0.7429773206050099,0.696203717082019,0.07504657505485314,1.1666147973374117,-0.8205541037260579,0.17591024808934372,-4.6487004492553785,-4.534431098300328,-1.6149870823644779,-9.91177704793205,-7.278933166250731,0.6523650183111381,-3.5480011764286536,-5.406332828693799,4.480275922484013,-0.0057817354485665134,3.3908196748780552,4.075318752677925,0.4504841683616974,0.0009087499780676134,-3.13158466701728,-2.6768373210918592,5.091664343912337,0.09768005432772238,5.165098973126412,5.380212363236525
-0.010759507287948727,-0.010759507287948727,0.19543734508104496,-0.10198622474014772,-0.08647320071357824,-0.007456068213648617,-0.3008474754524773,0.9963182955438232,-0.29583493596254834,0.884987485070171,-0.25647297584633444,-1.119397351840982,0.4011554653217922,-0.7628923267964876,0.6983145658468075,0.048972404078641577,1.1570861502568157,-0.8000486876174334,0.18320263158511654,-4.720401688654599,-4.3059848111277566,-1.077094559708845,-9.112006667737338,-7.281092052159726,0.5809305781514057,-3.597276501536506,-5.88918000364765,3.3077543102829274,0.006640916273657309,2.059724966449677,1.9656621849734854,0.6882205847313493,0.004129010001419922,-2.2359395058885716,-3.9901921285718136,5.453655136646829,0.13020574292210615,5.991746148569583,8.083814322487786
-0.009672467766665919,-0.009672467766665919,0.19550822606565432,-0.10020858115346422,-0.0877321884861724,-0.007126439414009984,-0.3082258670224794,0.989166230439714,-0.2975945309389999,0.8707156976474779,-0.26776363394153474,-1.118578516060347,0.39618175769942326,-0.7729480446840951,0.7052078091275612,0.04117327562656236,1.177406252740098,-0.8284571690478917,0.19593701975195021,-4.791155454374192,-4.639635284435167,-1.1910590587638448,-9.243166578631252,-7.360660012053353,0.5325326181935737,-3.3693106003280273,-6.198036160557718,5.216582714102506,-0.028053452605431503,3.6987036004937948,6.157409687953201,-5.0383894585474005,-0.013084372365547485,-2.892860003180305,-5.845614640736397,7.7397749752722325,0.09563177968461448,5.070692335536581,8.930950684152643
-0.006155614675038212,-0.006155614675038212,0.19563927335452927,-0.09408005542484743,-0.09203013899468733,-0.006289219378206596,-0.3322429378187241,0.9661444370549606,-0.30435931324155463,0.8248159489895519,-0.3048551398061646,-1.1160845179165055,0.3785804102244392,-0.8017850883124832,0.7302690344310773,0.01226994533619858,1.3062406454445379,-0.9237486104300112,0.16681264341865143,-5.020399654215022,-4.739696809787609,-1.579916458873295,-9.498484876696883,-7.752841775946162,0.45720712717595585,-3.59856371000134,-6.027612101532121,7.19260646355516,-0.10747717212103972,3.5539414818556585,2.8809402711519563,-5.373420516009542,-0.02828314438918235,-3.004583741274682,-3.959673996169116,9.838048406479228,0.34048291232672245,5.076648598424029,5.401173250167579
-0.003532104483046191,-0.003532104483046191,0.19564532655555644,-0.08938131745969445,-0.09541863469687194,-0.0056144536336531214,-0.3504007902612358,0.9492977160556124,-0.3105221636896943,0.7907449357162704,-0.332719989079602,-1.1147208736014385,0.3667558346888347,-0.8255600653565707,0.7474095018199617,-0.008889920777456217,1.3309363435669095,-0.9837150448243115,0.22428972894923252,-5.211387985066327,-4.7399257582347,-1.8964796782354403,-9.695353772795297,-7.928155643220066,0.2959994360005158,-2.947787541594999,-7.602744668608447,3.2297580273942215,0.10755353588703785,4.0252387934222185,15.547593540202264,1.9704607464357282,0.04907289827619858,-1.1680960281794541,-27.10672287729003,8.025477838640764,0.47222198979739044,5.240567027460906,35.536282034580005
-0.00233562504171368,-0.00233562504171368,0.1956604618596588,-0.08729660216185789,-0.0972019178910282,-0.005409021004275359,-0.3588827238430442,0.9409086352833371,-0.3171020399441086,0.7802266147233834,-0.3457972008240841,-1.1145133707635686,0.36093476531280816,-0.8369205213935879,0.7864222318101247,0.026177826279329724,1.4032861110899426,-1.3047243153116672,0.13489764632911005,-5.445121431723587,-6.088031814717127,-5.01745432730168,-6.081019211917728,-8.857016835280747,0.15238979122338495,-4.023737585591803,-7.561552769725982,43.01863875811268,-65.88960955021471,4.70744808645668,20.8891806684774,8.041747010146203,-31.368497027400707,-1.1915039662008782,-22.767554242278212,47.07137231361172,90.87097090304452,5.030124300790819,33.24003226554732
0.0017276771894585163,0.0017276771894585163,0.19603840320102725,-0.07942223816491407,-0.10591853384807391,-0.00469400945806218,-0.38503910746358755,0.9013463329482826,-0.34847080049182977,0.753646135268367,-0.3946547614247691,-1.1151727686870248,0.3377411247038067,-0.8782759495499505,0.8696643044806452,0.12743266761009275,1.825411826258621,-2.2432486352003265,0.1596310548394351,-5.213390074760123,-9.946966722644197,-6.984287196737428,-5.959286723743058,-10.92178685714513,-0.6841287516635515,-5.33816256567598,-9.42711363944437,46.21003561268563,0.6445144001819941,7.004186521308291,34.943905270669504,-6.708732873142039,-0.3989543889862266,-1.1804750143252776,-36.43831589404735,47.150948579809494,1.5619219961189097,8.84405841123601,51.665011931405886
0.004906785713017521,0.004906785713017521,0.19661721676080168,-0.07231782984913941,-0.11503020377006229,-0.004080380182370713,-0.40313786315687056,0.8617300823708518,-0.3711935426124679,0.725838283623085,-0.4351319520222066,-1.1201810238989978,0.31770855769618844,-0.914750527010984,0.9196812491566659,0.19825369297671197,2.18385171516847,-2.88379712078322,0.18740549267018347,-4.971234028755738,-12.307785000181388,-5.392850539425729,-10.329319288354457,-11.791160240818726,-2.2749194139814186,-5.890039016418253,-11.174346263860487,43.54129443915844,-1.6889755350486697,14.156329465870174,29.388110855486048,-23.849257758777917,-0.2863658571923046,-1.0215521776347636,-27.313929674417803,51.11822059012959,1.9770086968449812,16.48203697547813,42.45324451078856
0.0063369315981905245,0.0063369315981905245,0.19694402659750215,-0.06910804703158807,-0.11939710647155317,-0.0037141912081819716,-0.41072135903602625,0.8433017786713319,-0.38006701684456995,0.710423983040557,-0.45262788103747736,-1.1249084443828792,0.3079367704297915,-0.9313730963560468,0.922432633284442,0.22319239429387663,2.004155622443173,-2.752224375666362,0.22409226081898012,-4.754471961753092,-12.077859628275746,-5.678414704262038,-9.78710837111751,-10.786917748739942,-3.811551629025557,-6.5209348423578595,-10.301543577766845,4.392195121594675,5.981998808828937,0.09054517857009675,-5.8251038541038405,-0.7558524421417171,12.285685768478132,0.0019923154209674915,26.630552198509157,5.1255061819748065,32.387350153644036,0.2697160090574209,78.21482862215359
0.010854957778228872,0.010854957778228872,0.1982259329430837,-0.0602966933651209,-0.1318719782488194,-0.002828030119863368,-0.4321567356833545,0.7831467977687085,-0.40648347065705415,0.6638520379025249,-0.49771586233579196,-1.15540794780152,0.2732336774569166,-0.9758436928997494,0.9217493928252917,0.29956954221806725,1.5953127242600191,-2.338389893607894,0.13385748529326694,-4.036197661671667,-12.171062385894592,-4.995539752990178,-9.383027821519363,-7.610419445271876,-8.643322923536214,-7.549337729416469,-7.929751332119523,4.516005894155983,18.11416425663708,0.11173220444586512,2.586542784856828,1.345313640184658,1.5639777079080721,6.525169973203848e-05,44.906775862084174,5.437816454925431,18.50554290061891,0.29072147765753775,83.17014186307665
0.014125071321582921,0.014125071321582921,0.1993845375145564,-0.055145673150707855,-0.13962923575212588,-0.00249075631953975,-0.44579049974708435,0.7415837883715666,-0.4227088946934684,0.6301573800305196,-0.5205939667944436,-1.1923327879857077,0.24566302398980144,-1.001383279646852,0.9201488317595211,0.3527701197820476,1.307434540391209,-2.030096514893688,0.05412003846052994,-3.664552718306375,-11.078921174136239,-4.086181172611489,-9.679731727526969,-5.271678343742893,-12.15825758049078,-7.930136119689036,-6.496731938208267,7.64356262964336,15.242541380320565,0.02165193369856623,4.616886493790712,3.936372814735547,4.38137537416133,-0.0002614366997171491,32.7196304673816,12.724290782761893,20.089211163684347,0.24691290617221773,85.63902289488541
0.015542703652665477,0.015542703652665477,0.19994000324415262,-0.05319023737876905,-0.14265126804245204,-0.0024044645626054833,-0.45129249970411134,0.7245198333927763,-0.42882634942824244,0.6154802612608052,-0.528047302939558,-1.2101857927786266,0.23361226371680993,-1.0113237853667487,0.9093560348805756,0.363661484745934,1.2259788058347985,-1.8688634508446447,0.05222805663838959,-3.4119520241404167,-10.902942049962382,-3.787163681486095,-9.384782615407293,-4.3568117306700485,-10.842762517482612,-7.933504854339434,-5.863278298197605,2.131924611089567,8.496389459781637,0.032414733181367256,3.9789859940642143,-2.492373988376882,-0.7712624114075854,0.0045491422970024495,18.68100620380079,5.064144898327568,9.173591870465748,0.18753982895438184,25.708501235429587
0.01991935084729097,0.01991935084729097,0.2018063607647052,-0.04772617468346045,-0.15055755364873485,-0.002191954675505696,-0.46588638680082667,0.6729109355669319,-0.4449681626441653,0.5706801064929112,-0.5423746943861976,-1.252805452299561,0.19334303636585995,-1.0331788337350252,0.8771345512237624,0.39842785675465153,1.0051076049730305,-1.3576337436971788,0.03602839606763026,-2.544824136410352,-10.13239116514104,-2.8086914839974964,-8.917422874344366,-1.484906607848459,-6.540433457948866,-8.336595111262055,-3.308780003975242,3.81213497654875,7.5491918565607525,0.0005622111916196073,4.337426477742354,-1.4645416766502408,-1.037161838587268,0.00010031210241523425,20.727765271518173,5.161484386678851,8.126675871800987,0.022479558460540804,26.011627359860277
0.02299063220569845,0.02299063220569845,0.20326658315692114,-0.04443946215584081,-0.15471304671113215,-0.002076293053302334,-0.47379954826019016,0.6381213332952008,-0.45371580998645833,0.5395477979089208,-0.5439094034419156,-1.2703991185421473,0.1641970101431134,-1.043069926546044,0.8527754333286894,0.4241943719682816,0.8465014186531673,-0.9825065050453302,0.029911421411906954,-1.9120487654892568,-9.446757560969447,-2.1219975185940463,-8.626014825516162,0.624301065956351,-3.361553948206376,-7.992184410710612,-2.39406008397123,3.198545820875798,7.4032198113358,1.555988659558997e-05,15.479752129441536,-0.6399723812189326,-1.2462506302038394,4.857678975960997e-06,17.838255819492176,5.753327510815643,9.291693979801884,0.010312733911675729,41.178570090252364
0.02431364732108709,0.02431364732108709,0.20392304028246871,-0.04314781045394815,-0.15619823438147803,-0.0020180623806351846,-0.4766988932655882,0.6234925240385637,-0.4570045039062479,0.5264263099955625,-0.5429068965479017,-1.2748217723529611,0.15196964694799425,-1.046661993749723,0.8547893918189815,0.421847026687798,0.8271419245092737,-0.9372747504940786,0.035190963064157234,-1.8299644587876491,-9.401726999752793,-2.108426717520738,-8.39644490042461,0.6444086009324747,-2.341817393617904,-8.056432753565133,-1.9832096955170997,2.042202419519411,5.126211730484135,6.423066064902396e-05,3.6402352200061094,-2.00161516827194,-0.3947982388757051,7.3032114893028036e-06,2.853379961349074,5.076033021511221,5.8105443620834825,0.009366413471122938,9.764109283013223
0.028521929947200028,0.028521929947200028,0.20596736176790245,-0.039186349355916604,-0.16046453287560178,-0.001872573398232166,-0.4850268086730551,0.5779153884599604,-0.4671483931579775,0.48617991074577155,-0.5397379113013799,-1.2783805102024037,0.11094143750385796,-1.0530212523086715,0.8628139591778378,0.4129690930306899,0.7902349823732537,-0.8034121429710513,0.02570778427943405,-1.567036566137801,-9.209836764572264,-2.034348795536609,-8.055449998324654,0.6563689964011339,0.8906417339095009,-8.52615914492808,-0.8929050047468458,2.553969147680742,4.134823724828016,3.7231363341226446e-05,3.273779809825036,-2.03271635462903,-1.0233563412242221,5.355600439925067e-06,5.460375185512936,5.084256556432373,5.096889626157094,0.007043263052520774,12.40189675817269
0.03159327272195336,0.03159327272195336,0.2074234794118423,-0.03642742797678386,-0.16313897340221117,-0.0017848938752011716,-0.49023594772715573,0.5454353390177102,-0.47428492844641634,0.4578953566104575,-0.5373517502634232,-1.2710497953076418,0.08102152176276216,-1.0563914133514947,0.8670504275478625,0.4073794244463699,0.7639252229540715,-0.702561581323925,0.024471555316904866,-1.3657678718279889,-9.08866306742864,-1.986471164600968,-7.888446652899048,0.6914543149610684,3.239624575484472,-8.23993790070072,-1.1525540166346937,1.7747708809246636,3.9240689054490088,3.0110338151538314e-06,14.242634436096765,-0.5789571212658637,-0.5254271428019603,8.203594535497252e-07,2.78482294182834,5.326254671177344,5.854115741837489,0.005820249519508883,25.77107961502202
0.03293636281313256,0.03293636281313256,0.2080507520252323,-0.035253851249811036,-0.16422835262801252,-0.0017503107845142673,-0.4923029097561289,0.5313484332274904,-0.4772816638923745,0.4456804253355105,-0.5363167276214128,-1.2657518942571695,0.06856995882857984,-1.0583663773612708,0.8667827855360659,0.40084440284968387,0.7504104396133765,-0.7088805337534534,0.022009693777806132,-1.3075251460695627,-9.086389934721801,-1.8899822344080874,-7.903798059523665,0.6217017496181961,3.578580426124459,-8.184933991881092,-0.9711050254112642,0.4522228571271725,4.067332899945858,1.3540042234118366e-05,3.313345607413371,-0.792759657838604,-0.03374765970128735,1.7749815318863268e-06,1.2029107624265143,5.0712503713247825,5.122862153389773,0.005689314272112594,6.26416083801202
0.037188997363929104,0.037188997363929104,0.20995793448886854,-0.03165280455562765,-0.16779049667388315,-0.0016572951502695317,-0.49828592378481074,0.486784535061654,-0.48587847497560716,0.40649546578362816,-0.5339639919668049,-1.2456594529215608,0.027049646244943545,-1.0606145567861514,0.8689833601037888,0.37790704477600273,0.7236197792595715,-0.7441259515085713,0.014374709838530795,-1.130862119944513,-9.111953834103419,-1.6196043991022777,-8.103512481894517,0.34135771424676503,4.6331302314475575,-8.615881662706633,-0.28400064389185914,0.6858831911745427,3.528877170020745,7.80573109939787e-06,-0.2700758255033584,-0.587230930507989,-0.30209494860942143,2.0260356333036238e-06,2.392434013796222,5.061835498076088,5.056593785899785,0.0052769193199932824,6.394165831345102
0.04027507316322187,0.04027507316322187,0.21127102913683274,-0.029095677747461864,-0.17047081144809687,-0.0016251778851454543,-0.5020499016190404,0.454369765864623,-0.49128075451126674,0.37740900750800255,-0.5330980411473292,-1.227801140855565,-0.0032381095324322353,-1.0626697700311654,0.8692096469254328,0.3618357898382722,0.7188613781268277,-0.765046163239461,0.0028822561168203764,-0.9871949161590474,-9.15000085734608,-1.423471605533914,-8.286185431164682,0.14777599647779868,5.43117613556625,-8.366518694393106,-1.050863133175575,0.4802416850636464,3.2225681553931285,3.669327245489802e-07,9.979996420504396,0.08063787282594514,0.0040292299750888105,3.910287814359783e-07,4.51432503681575,5.307716109560005,5.414886098340302,0.004957037989347588,20.803991229694912
0.041619875633315255,0.041619875633315255,0.2118260015261028,-0.028009014438444307,-0.17165420973942563,-0.0016369056391285805,-0.5035593707059469,0.4402644111928104,-0.49341112687527344,0.36463364876980375,-0.5329002749438096,-1.2193761866387163,-0.015873438797799618,-1.0643571092385067,0.8667480398043346,0.35303112309698637,0.6906678977894577,-0.7699928402807257,-0.001897160132305943,-0.9554401597122976,-9.095420015257384,-1.3547675117964324,-8.23710009545312,0.09745167826334782,5.414546055330894,-8.273148752568952,-0.8070065895252904,-3.570809867872006,2.2970265232145115,2.0590115256532635e-06,1.7353101840583984,0.7074568491446548,1.4549826533286883,1.1686417240631703e-06,1.4300549660860329,5.059883690832375,5.069241837643231,0.004966930085576427,5.360366774439869
0.04585505410941905,0.04585505410941905,0.2134803562055483,-0.02475730692371289,-0.17552135001709523,-0.0015936199364615154,-0.5079343686827513,0.39579942491636433,-0.499718658394145,0.3242567904549908,-0.5328903364432439,-1.1930798332738024,-0.057491005795767866,-1.0660945501054506,0.8619454447687913,0.32246111432071534,0.6408104581334778,-0.8072579282409099,0.014121092585822236,-0.8266664771188605,-9.047231989822384,-1.215305127160969,-8.25598118473838,-0.09364293041756651,5.331218923740506,-8.588175450125824,-0.2336763680040542,-3.291923536290724,1.681217193708739,-4.4614308314934025e-06,-3.0718268933515525,1.4922233506554465,2.1055721423982745,2.125307516832051e-06,2.0546613577481914,5.056388419130885,5.04259936356984,0.005008377181890917,5.5971465269658305
0.048907439118307326,0.048907439118307326,0.21458652498592878,-0.022523499539663955,-0.17842686872721097,-0.0015540585510272946,-0.5106809953706258,0.36379699337165666,-0.5038257441221076,0.2948663461631498,-0.5334701035309432,-1.1741994091164156,-0.08765034664825631,-1.0680836099590323,0.8572977936180912,0.30069808123449243,0.6195793475488297,-0.8286296506171522,0.005302545956887524,-0.7184166780738963,-8.974410883913212,-1.0956050421258348,-8.304521174869645,-0.23307012581738135,5.309534552772252,-8.332816573509689,-1.0608166043789022,-2.6659573268940018,1.6807449842166426,-1.6923036774713768e-06,5.749489587277266,0.7483183780572419,0.8184639830945579,5.411900449651778e-07,7.080029290841798,5.249245290097162,5.240625600810333,0.0050268029326234484,17.90898688666132
0.05023341776407558,0.05023341776407558,0.21504656103149214,-0.021593676967888435,-0.1797069631804425,-0.0015650488883775181,-0.5117844302921598,0.34995773801733027,-0.5054416157884075,0.2820442165582613,-0.5338663885425106,-1.1660462529272588,-0.10027692839329508,-1.069687387446825,0.8540907655662194,0.29155340457781304,0.589108058623774,-0.8321055428537228,-0.0004922914021093305,-0.6938958517622752,-8.934846970794787,-1.0200569396510488,-8.271466355455424,-0.28328523672888023,5.18085661378425,-8.244302062287819,-0.7870869153572719,-4.172340273831211,0.3724325196626085,-5.271399321156922e-06,0.7753614771423745,1.4694921924067748,3.47786130974655,1.2217033762609159e-06,1.9711573337025696,5.058924708626457,5.057450327479059,0.005102231278097246,5.184968670256289
0.054399004047419534,0.054399004047419534,0.21639581625661758,-0.018857081692189262,-0.18387272228809437,-0.0015049547470153519,-0.5148989166506973,0.30620828619355417,-0.5100451146727103,0.2414432667229191,-0.5356881229562694,-1.1418074737453352,-0.14154275056732896,-1.0715899030982088,0.846256317052842,0.2593711225427057,0.5303252097223204,-0.866780097128209,0.018887026714788462,-0.5760472968614355,-8.900200936671574,-0.8512996697624657,-8.311657781114299,-0.46123176606519056,4.72353113086007,-8.496488158791205,-0.2801772790934448,-3.6889391150576087,-0.004233613389590718,-1.5920108474236534e-05,-4.122282330879838,2.4312788408984054,3.926554713785577,2.8813484063546987e-06,1.8355504214323508,5.057025380029725,5.038063792363132,0.005385519877275605,5.56503053801078
0.057392153082289864,0.057392153082289864,0.21727584403507613,-0.01703706281836772,-0.1869846632789771,-0.0014481045242524468,-0.5167837326151937,0.27479913330835937,-0.5128046583975576,0.21183597999794412,-0.5375592400970866,-1.1255737166792588,-0.17142774641208536,-1.0735958936986256,0.8396532089871885,0.23639701291717038,0.4960578590279578,-0.8852401787782745,0.009912339736830193,-0.48485911873642246,-8.7791130899793,-0.6989401621024793,-8.37023430310527,-0.5931860097716086,4.425633595129309,-8.282080631648139,-1.0024169675327022,-2.822749599035153,0.09527587385663572,-4.4006343236245495e-06,3.2092247855176925,1.6064091091748915,2.0583768238088265,7.806064295894088e-07,7.1859116868954445,5.233637546404702,5.1887661303643275,0.005608649298606762,15.485339024169964
0.05869187672830106,0.05869187672830106,0.217635897445032,-0.016292010570649412,-0.1883528511696644,-0.0014483996115959746,-0.5175341672667361,0.26123578204941095,-0.513834398661901,0.1989041279709548,-0.5385459042632835,-1.1187611911062945,-0.18404504608063282,-1.0750982264525801,0.8375044575169212,0.22694271868318203,0.4731892736105404,-0.8883790603438088,0.005504628002807658,-0.4705136795780786,-8.762925576214105,-0.6538357631514629,-8.335863874081006,-0.6831713968554985,4.3370716967091285,-8.215150320797946,-0.7654605576442686,-4.124216809289438,-0.11250033685592853,-1.4567201083737604e-05,0.24282829791518035,2.0865281388878336,4.143749487853621,1.6085975700378882e-06,2.3293208830818375,5.062294743641814,5.052977185496049,0.005724139965174476,5.138168251816417
0.06278214776090911,0.06278214776090911,0.2186663378800863,-0.014079027691325434,-0.19278821903905924,-0.0013624136281472166,-0.5196299656043257,0.21826341347916484,-0.5168332573878663,0.15808678587318895,-0.5426233452732213,-1.0983475063485992,-0.22500123558603896,-1.0772770387305441,0.83218401933986,0.19377611223966607,0.4315475931302706,-0.920933571522951,0.025082089753969486,-0.38499829150751597,-8.75052738596946,-0.56347760960266,-8.335520929306277,-0.9823415837703978,4.003526096745259,-8.428964081130028,-0.3687477748409504,-3.5255902006051167,-0.31291487019943076,-3.231862168818112e-05,-4.231518355577236,3.0179312423160667,4.388328461050532,4.223146964625396e-06,1.730770874410875,5.059905434470771,5.036299717437591,0.006148602840883051,5.413319369990302
0.06572907542169358,0.06572907542169358,0.21931191681097184,-0.01259300406066192,-0.19609176373857926,-0.00127402913733799,-0.5208863413827209,0.18738196770931514,-0.5186777572505993,0.1284473890004115,-0.5465012501471533,-1.0845234805554282,-0.2547673200030287,-1.0794767801654037,0.8277356353519122,0.169900819309379,0.40620635063851435,-0.9392058729977211,0.02233230739719443,-0.3226679360846257,-8.629243630999971,-0.47186926865767465,-8.364416173590302,-1.2025549919481127,3.7870821047023204,-8.29823844244686,-0.9989014138581427,-2.736715018485164,-0.23345527435349167,-8.8551584593974e-06,0.8456503868164846,2.3658723121368155,2.925840335664894,1.1299394182722258e-06,5.89429096435879,5.227809182492091,5.171541518600555,0.006485387025981717,12.906848303452227
0.06701001676615968,0.06701001676615968,0.21956894041941757,-0.011986987890672407,-0.19753863835097032,-0.0012499755381887379,-0.521381804240531,0.1740369856245257,-0.5193645253121233,0.11552340945647749,-0.5483803153106358,-1.0787029347596813,-0.2674434852802806,-1.080977020683672,0.8249365833431714,0.16058063760211397,0.3835874946293351,-0.9352893059563117,0.02119180447764886,-0.30421007948927564,-8.613662884971209,-0.43353565517917797,-8.323678950672656,-1.2248444177477777,3.6987369055454544,-8.231792799563593,-0.7823531509560055,-3.9076661971278375,-0.416348331391277,-2.8779501680532013e-05,-0.21985139420187005,2.6261382057334277,4.404520636106687,2.2047236698764187e-06,2.3650235120914354,5.068595417729523,5.0507257652762725,0.006588761100388831,5.115821447030298
0.07103188893418372,0.07103188893418372,0.22027546606319684,-0.010218695717470822,-0.20214636995724325,-0.0010772802690157805,-0.5226376619036879,0.13190417330451398,-0.5213014698787373,0.07487658030357075,-0.5545787718960233,-1.0614187100588657,-0.3082575007114593,-1.0833845660749366,0.8168594971385635,0.12787672277728496,0.3385495416791078,-0.9446959223066532,0.04636192101971942,-0.20895010596380806,-8.560468904435183,-0.350781439392311,-8.277969752186628,-1.30529747566728,3.360451737929007,-8.370768359530771,-0.42408818655099356,-3.2788274150809227,-0.4998345984006987,-5.4959384719746335e-05,-4.355545664262399,3.427987836295158,4.56695726618404,5.282548360998219e-06,1.4354762343146443,5.064272036414703,5.036166697995166,0.0069778683856174485,5.330397424890164
0.07392103935516219,0.07392103935516219,0.2206875277056011,-0.009073275139834278,-0.2055062491110616,-0.0008971691071914097,-0.5232596030658717,0.10173040549510154,-0.5224035984041108,0.045500600527276946,-0.5593146486564898,-1.0499058478037742,-0.3378150691391181,-1.085709200732246,0.8105307273161779,0.10424756198389926,0.3067884533955113,-0.9473370913964075,0.05354570048540496,-0.14162973865527134,-8.422467207518222,-0.2666656628139747,-8.273519275314717,-1.3622259208941647,3.126277010321933,-8.247638207983371,-1.0028057564308601,-2.7167019121051066,-0.4097033579470032,-1.509295170068611e-05,-0.8046259657485497,2.8473363132811653,3.434681673838081,1.1659070753857435e-06,4.178938789527029,5.23715581261022,5.163618730151984,0.007288319222695179,11.481261855399342
0.07517259900418807,0.07517259900418807,0.22084147720744962,-0.008624840029766516,-0.20697323025981557,-0.0008125271931647297,-0.5234652423414315,0.08869525655284109,-0.522764955110616,0.032697189791887925,-0.5611017393363642,-1.0459238457586155,-0.3504554537935657,-1.0872743054261622,0.8040578899981166,0.09357511279971191,0.28049402989336025,-0.9507966955540518,0.06232443566750858,-0.11278508109616957,-8.400537776910692,-0.21232959397013615,-8.251079812003303,-0.9419824601181128,1.9886146235761801,-8.193323789932371,-0.808231480790237,-3.5669222898382333,-0.825349668032805,-5.11057517099062e-05,-0.8987498370089075,3.1381439756866087,4.484694385294328,1.0047159460487357e-06,1.453189787265193,5.081742286430134,5.050137963471544,0.007943580779850558,5.1047768558613065
0.07906254180576121,0.07906254180576121,0.2212107367899858,-0.007390183863822471,-0.21170313330911839,-0.00039128608946622026,-0.5237110956832092,0.04771465905569041,-0.5234543964882601,-0.007666976246387074,-0.5624667835843998,-1.0451406390219966,-0.3909429789694142,-1.089704494685654,0.783911328769222,0.057064455081799755,0.22286319273046926,-0.9801330759989947,0.10905599814127023,0.012346380873128808,-8.318356568076801,-0.06449351932656516,-8.23410278127313,0.3831358628314414,-1.66699254173552,-8.291487932906701,-0.42960199441230473,-3.070232598611456,-0.7941421969378284,-0.0001777877885242832,-4.704189478508146,3.7045506704408044,4.63294039092432,2.9120939316557362e-06,0.5518151379255203,5.07283133553095,5.037683994916545,0.010919223660050527,5.388312559635009
0.08181937017972672,0.08181937017972672,0.22136573980314214,-0.006676999314792031,-0.21522058965518082,5.266263733523427e-05,-0.5235066624775904,0.018351065142701208,-0.5234666104849371,-0.03691805113846744,-0.5594105348279085,-1.0557518831692694,-0.42025551389994104,-1.0921492956087495,0.7689593424262667,0.030190846276704715,0.178511275480336,-1.00122418288832,0.14070986762540996,0.10277423226455638,-8.216167920937588,0.060050671513977215,-8.246465713151272,1.3376228843620361,-4.309328037441264,-8.197053703003558,-1.0766147897629097,-2.934651333721566,-0.6603376533752527,-8.194892243738178e-05,-3.6327494978731916,3.2429719280916287,3.7565505106186827,-6.990300538195146e-07,0.7463261259340785,5.405818677281577,5.142309839126905,0.01420306381371424,10.78519264948831
0.08302025379970722,0.08302025379970722,0.2213998241173812,-0.006464243496647754,-0.21683976920382367,0.0002785280103915694,-0.5234183868823594,0.0056633391570453375,-0.5234261713762774,-0.049697849436251,-0.5579817476357006,-1.0651777874893251,-0.4327488941553116,-1.0946278903798177,0.7834243458042502,0.015688711384734974,0.15897591039512254,-1.1017161811925085,0.11387834798635264,0.05850313373671308,-8.45281649837275,0.04256175971218998,-8.592278077512974,-0.0646627842191488,-4.584862581146416,-8.22442102219256,-1.3994445154933466,-3.344824442508613,-3.652168284742816,-0.0004530626523785407,-2.0024537225958534,3.446475204172473,3.0529350374869884,-9.136365805172218e-05,-2.7558041000840174,5.128657591533038,5.059464732470975,0.020372215765755358,5.133441934560158
0.08698532911984279,0.08698532911984279,0.22136978317664535,-0.005524711056035889,-0.22309391256754815,0.00048780340915519256,-0.5232030569921451,-0.0390279097876033,-0.5232300791402605,-0.09549636325315163,-0.5717247059515684,-1.0751371238548795,-0.4746859302301178,-1.1015412887577913,0.8336202528652711,-0.029422325656268955,0.19728319524903282,-1.4465578301519308,-0.006190731195990562,0.014585882256239203,-9.653337940723985,-0.003986104938873759,-9.839473047388392,-5.26084162668782,-1.1290797979454088,-8.751099939750965,-1.9097572171312998,-3.232074761500021,-2.2167410586491836,-0.001722780765942773,-4.151815843891782,3.657123477847318,4.217409747096769,-0.0007719328547720269,-3.5239248370088534,5.152163215826209,5.090229606340524,0.035465984692379146,5.986233407174567
0.09000000819829339,0.09000000819829339,0.22119886653729318,-0.0049312741656479375,-0.22864515493570298,0.00043872432728361046,-0.5232926092309613,-0.07405118284020847,-0.5235415754606764,-0.13051671099712137,-0.5954570567397123,-1.0841344179123258,-0.505603159722668,-1.1117653811735444,0.8636585548168216,-0.06762675352863064,0.12265816857278737,-1.6778433570868556,-0.009767889318425853,-0.07281439313913782,-10.002254128162994,-0.19326648012613332,-9.748056684818854,-7.957861210960398,-4.804742461484702,-8.58828754019899,-4.105171817296825,-1.9013023690811697,2.6884216990963896,-25.27569712903516,0.6733414588239182,5.733703583622071,3.9158979205404973,-7.5674504647708885,-17.66577386972165,7.683800876488627,6.1888961332740235,27.153425026338553,20.297631279726314
0.09131280699501476,0.09131280699501476,0.2211096456485115,-0.005057998790779682,-0.231338038028457,0.00037114146675359293,-0.5231348982181367,-0.09025308265402528,-0.521981866556816,-0.1473598157543427,-0.6107181097093273,-1.0874710678112323,-0.5196147532666732,-1.1161832857963554,0.8324426816314742,-0.03788538804079242,-0.14896558986717232,-1.6412423031635575,-0.04933633795992617,0.5036150193727689,-10.516944841777166,2.119034202091616,-11.660471056094844,-10.110023318191722,-1.335912105557435,-9.289783644504205,-2.030413852281012,-20.479967411902113,-2.8631923132118278,-26.0897325918289,-15.717781763786757,39.977340266791664,3.4817550404187236,4.0778663518391784,3.6521379089401216,45.6029328648023,5.082723329086818,27.413810412988113,17.35423915994315
0.09517386975969655,0.09517386975969655,0.2212402525305687,-0.0068077490932974575,-0.2380044837405932,5.0864069242092704e-05,-0.5147943907852915,-0.14296841820307707,-0.4941565338037915,-0.21735871061285597,-0.6647097974279516,-1.0818922048771618,-0.5688716925564343,-1.1141724661366335,0.7443648023383347,0.09305549514023352,-0.5621515194131091,-1.0965609881165599,-0.07980305610178762,2.8474874647804924,-11.026881764870158,9.273915302311218,-16.998605328288157,-11.982161668395523,3.5346929085467287,-10.792932315301753,2.7400097684557685,-15.34294406961167,-1.6643513893518307,13.318486123068775,-19.551264326935833,45.383061545616144,3.250646473773619,5.447952303945129,0.951237389378178,49.66815579807993,5.103701246517798,70.83297444851922,23.20931711087017
0.0977064848490168,0.0977064848490168,0.22174970751897635,-0.009316872867955284,-0.24129000022522526,-0.00026244023627164126,-0.5019772579104289,-0.18290652159689916,-0.4518332389678133,-0.28505074420750315,-0.7099484754483147,-1.0635266904049219,-0.6089752227768923,-1.0989436421586154,0.682536776808316,0.19489195772495208,-0.8495474388138962,-0.7626974890047029,-0.09583366733846817,4.344086862869381,-11.482244958583477,14.58426459828219,-21.175423362951328,-13.527109712351686,6.769210662426227,-11.783523019004534,5.779907615745458,-19.474910138398496,-1.287971035464784,-19.51712188478889,-10.717158114065773,36.08984091558467,1.0612106423766643,-1.4497165145669246,-0.39356453280314874,76.26710434673163,5.1265873239097415,40.62578458115726,24.967472587643165
